<?xml version='1.0' encoding='UTF-8'?>
<gpx version="1.1" creator="https://www.komoot.de" xmlns="http://www.topografix.com/GPX/1/1" xmlns:xsi="http://www.w3.org/2001/XMLSchema-instance" xsi:schemaLocation="http://www.topografix.com/GPX/1/1 http://www.topografix.com/GPX/1/1/gpx.xsd">
  <metadata>
    <name>TUSCANY TRAIL 2024 - Day 2</name>
    <author>
      <link href="https://www.komoot.de">
        <text>komoot</text>
        <type>text/html</type>
      </link>
    </author>
  </metadata>
  <trk>
    <name>TUSCANY TRAIL 2024 - Day 2</name>
    <type>mtb_easy</type>
    <trkseg>
      <trkpt lat="42.824372" lon="10.954163">
        <ele>48.110201</ele>
        <time>2026-08-17T05:28:39.585Z</time>
      </trkpt>
      <trkpt lat="42.826132" lon="10.951915">
        <ele>48.266905</ele>
        <time>2026-08-17T05:29:25.844Z</time>
      </trkpt>
      <trkpt lat="42.826223" lon="10.951740">
        <ele>48.283208</ele>
        <time>2026-08-17T05:29:28.188Z</time>
      </trkpt>
      <trkpt lat="42.826239" lon="10.951550">
        <ele>48.291514</ele>
        <time>2026-08-17T05:29:30.218Z</time>
      </trkpt>
      <trkpt lat="42.826195" lon="10.951389">
        <ele>48.234933</ele>
        <time>2026-08-17T05:29:32.004Z</time>
      </trkpt>
      <trkpt lat="42.825180" lon="10.950303">
        <ele>47.655617</ele>
        <time>2026-08-17T05:29:50.869Z</time>
      </trkpt>
      <trkpt lat="42.825061" lon="10.950099">
        <ele>47.569778</ele>
        <time>2026-08-17T05:29:54.703Z</time>
      </trkpt>
      <trkpt lat="42.824990" lon="10.949823">
        <ele>47.527123</ele>
        <time>2026-08-17T05:29:59.594Z</time>
      </trkpt>
      <trkpt lat="42.824810" lon="10.948239">
        <ele>48.825975</ele>
        <time>2026-08-17T05:30:29.267Z</time>
      </trkpt>
      <trkpt lat="42.824482" lon="10.946953">
        <ele>49.880297</ele>
        <time>2026-08-17T05:30:48.252Z</time>
      </trkpt>
      <trkpt lat="42.824582" lon="10.946936">
        <ele>49.979605</ele>
        <time>2026-08-17T05:30:50.016Z</time>
      </trkpt>
      <trkpt lat="42.824782" lon="10.946819">
        <ele>50.194071</ele>
        <time>2026-08-17T05:30:53.881Z</time>
      </trkpt>
      <trkpt lat="42.824932" lon="10.946662">
        <ele>50.380421</ele>
        <time>2026-08-17T05:30:57.545Z</time>
      </trkpt>
      <trkpt lat="42.825268" lon="10.946311">
        <ele>50.797545</ele>
        <time>2026-08-17T05:31:06.733Z</time>
      </trkpt>
      <trkpt lat="42.825440" lon="10.946262">
        <ele>50.970702</ele>
        <time>2026-08-17T05:31:10.981Z</time>
      </trkpt>
      <trkpt lat="42.825466" lon="10.946255">
        <ele>50.996819</ele>
        <time>2026-08-17T05:31:11.639Z</time>
      </trkpt>
      <trkpt lat="42.825645" lon="10.946184">
        <ele>51.180527</ele>
        <time>2026-08-17T05:31:16.435Z</time>
      </trkpt>
      <trkpt lat="42.833330" lon="10.945451">
        <ele>70.416843</ele>
        <time>2026-08-17T05:34:51.836Z</time>
      </trkpt>
      <trkpt lat="42.833741" lon="10.945470">
        <ele>72.158676</ele>
        <time>2026-08-17T05:35:06.864Z</time>
      </trkpt>
      <trkpt lat="42.834037" lon="10.945612">
        <ele>73.487735</ele>
        <time>2026-08-17T05:35:19.063Z</time>
      </trkpt>
      <trkpt lat="42.834181" lon="10.945732">
        <ele>74.202534</ele>
        <time>2026-08-17T05:35:25.836Z</time>
      </trkpt>
      <trkpt lat="42.835570" lon="10.947196">
        <ele>82.505014</ele>
        <time>2026-08-17T05:36:38.131Z</time>
      </trkpt>
      <trkpt lat="42.835981" lon="10.947521">
        <ele>84.836375</ele>
        <time>2026-08-17T05:36:55.762Z</time>
      </trkpt>
      <trkpt lat="42.837736" lon="10.948359">
        <ele>91.645995</ele>
        <time>2026-08-17T05:37:57.101Z</time>
      </trkpt>
      <trkpt lat="42.837901" lon="10.948414">
        <ele>92.226167</ele>
        <time>2026-08-17T05:38:02.496Z</time>
      </trkpt>
      <trkpt lat="42.839172" lon="10.948670">
        <ele>96.614541</ele>
        <time>2026-08-17T05:38:43.226Z</time>
      </trkpt>
      <trkpt lat="42.839628" lon="10.948678">
        <ele>98.269065</ele>
        <time>2026-08-17T05:38:58.532Z</time>
      </trkpt>
      <trkpt lat="42.839928" lon="10.948650">
        <ele>99.504054</ele>
        <time>2026-08-17T05:39:09.007Z</time>
      </trkpt>
      <trkpt lat="42.841401" lon="10.948423">
        <ele>105.291107</ele>
        <time>2026-08-17T05:40:03.718Z</time>
      </trkpt>
      <trkpt lat="42.841787" lon="10.948284">
        <ele>105.965508</ele>
        <time>2026-08-17T05:40:16.994Z</time>
      </trkpt>
      <trkpt lat="42.842076" lon="10.948137">
        <ele>106.486553</ele>
        <time>2026-08-17T05:40:26.369Z</time>
      </trkpt>
      <trkpt lat="42.843626" lon="10.947171">
        <ele>105.735888</ele>
        <time>2026-08-17T05:40:56.068Z</time>
      </trkpt>
      <trkpt lat="42.844668" lon="10.946637">
        <ele>101.948273</ele>
        <time>2026-08-17T05:41:08.976Z</time>
      </trkpt>
      <trkpt lat="42.844838" lon="10.946619">
        <ele>100.771602</ele>
        <time>2026-08-17T05:41:10.856Z</time>
      </trkpt>
      <trkpt lat="42.845034" lon="10.946658">
        <ele>99.404722</ele>
        <time>2026-08-17T05:41:13.034Z</time>
      </trkpt>
      <trkpt lat="42.845611" lon="10.946979">
        <ele>95.104443</ele>
        <time>2026-08-17T05:41:19.826Z</time>
      </trkpt>
      <trkpt lat="42.846445" lon="10.947475">
        <ele>89.157664</ele>
        <time>2026-08-17T05:41:29.843Z</time>
      </trkpt>
      <trkpt lat="42.847783" lon="10.948110">
        <ele>82.411506</ele>
        <time>2026-08-17T05:41:46.206Z</time>
      </trkpt>
      <trkpt lat="42.848127" lon="10.948246">
        <ele>81.259847</ele>
        <time>2026-08-17T05:41:51.343Z</time>
      </trkpt>
      <trkpt lat="42.848004" lon="10.948560">
        <ele>81.117539</ele>
        <time>2026-08-17T05:41:59.252Z</time>
      </trkpt>
      <trkpt lat="42.848002" lon="10.948633">
        <ele>81.088337</ele>
        <time>2026-08-17T05:42:00.892Z</time>
      </trkpt>
      <trkpt lat="42.848110" lon="10.948801">
        <ele>80.999023</ele>
        <time>2026-08-17T05:42:06.015Z</time>
      </trkpt>
      <trkpt lat="42.848201" lon="10.948876">
        <ele>80.941053</ele>
        <time>2026-08-17T05:42:09.353Z</time>
      </trkpt>
      <trkpt lat="42.848370" lon="10.948943">
        <ele>80.845097</ele>
        <time>2026-08-17T05:42:14.948Z</time>
      </trkpt>
      <trkpt lat="42.848703" lon="10.948874">
        <ele>80.661455</ele>
        <time>2026-08-17T05:42:26.504Z</time>
      </trkpt>
      <trkpt lat="42.849074" lon="10.948932">
        <ele>80.457854</ele>
        <time>2026-08-17T05:42:38.940Z</time>
      </trkpt>
      <trkpt lat="42.849520" lon="10.948876">
        <ele>80.729206</ele>
        <time>2026-08-17T05:42:52.170Z</time>
      </trkpt>
      <trkpt lat="42.849944" lon="10.949058">
        <ele>81.397876</ele>
        <time>2026-08-17T05:43:06.004Z</time>
      </trkpt>
      <trkpt lat="42.850322" lon="10.949151">
        <ele>81.975686</ele>
        <time>2026-08-17T05:43:20.548Z</time>
      </trkpt>
      <trkpt lat="42.850696" lon="10.949426">
        <ele>82.614841</ele>
        <time>2026-08-17T05:43:39.535Z</time>
      </trkpt>
      <trkpt lat="42.851043" lon="10.949755">
        <ele>83.294437</ele>
        <time>2026-08-17T05:44:00.264Z</time>
      </trkpt>
      <trkpt lat="42.851312" lon="10.950074">
        <ele>83.951915</ele>
        <time>2026-08-17T05:44:17.790Z</time>
      </trkpt>
      <trkpt lat="42.851481" lon="10.950234">
        <ele>84.331369</ele>
        <time>2026-08-17T05:44:27.430Z</time>
      </trkpt>
      <trkpt lat="42.851669" lon="10.950583">
        <ele>84.917012</ele>
        <time>2026-08-17T05:44:41.086Z</time>
      </trkpt>
      <trkpt lat="42.851777" lon="10.950656">
        <ele>85.139338</ele>
        <time>2026-08-17T05:44:45.792Z</time>
      </trkpt>
      <trkpt lat="42.851844" lon="10.950743">
        <ele>85.309965</ele>
        <time>2026-08-17T05:44:49.229Z</time>
      </trkpt>
      <trkpt lat="42.851908" lon="10.950903">
        <ele>85.556436</ele>
        <time>2026-08-17T05:44:53.887Z</time>
      </trkpt>
      <trkpt lat="42.852092" lon="10.952063">
        <ele>86.063628</ele>
        <time>2026-08-17T05:45:20.303Z</time>
      </trkpt>
      <trkpt lat="42.852100" lon="10.952630">
        <ele>85.761062</ele>
        <time>2026-08-17T05:45:32.479Z</time>
      </trkpt>
      <trkpt lat="42.852053" lon="10.953605">
        <ele>85.239749</ele>
        <time>2026-08-17T05:45:53.563Z</time>
      </trkpt>
      <trkpt lat="42.852124" lon="10.954715">
        <ele>85.112757</ele>
        <time>2026-08-17T05:46:17.971Z</time>
      </trkpt>
      <trkpt lat="42.852057" lon="10.955134">
        <ele>85.138659</ele>
        <time>2026-08-17T05:46:27.614Z</time>
      </trkpt>
      <trkpt lat="42.852028" lon="10.955553">
        <ele>85.164078</ele>
        <time>2026-08-17T05:46:37.389Z</time>
      </trkpt>
      <trkpt lat="42.852077" lon="10.956449">
        <ele>85.360638</ele>
        <time>2026-08-17T05:47:00.790Z</time>
      </trkpt>
      <trkpt lat="42.852053" lon="10.956620">
        <ele>85.673788</ele>
        <time>2026-08-17T05:47:05.690Z</time>
      </trkpt>
      <trkpt lat="42.851897" lon="10.957069">
        <ele>86.567472</ele>
        <time>2026-08-17T05:47:20.496Z</time>
      </trkpt>
      <trkpt lat="42.851889" lon="10.957258">
        <ele>86.907979</ele>
        <time>2026-08-17T05:47:26.369Z</time>
      </trkpt>
      <trkpt lat="42.851962" lon="10.957971">
        <ele>88.202844</ele>
        <time>2026-08-17T05:47:49.932Z</time>
      </trkpt>
      <trkpt lat="42.852109" lon="10.958427">
        <ele>89.098807</ele>
        <time>2026-08-17T05:48:06.858Z</time>
      </trkpt>
      <trkpt lat="42.852170" lon="10.958848">
        <ele>89.772340</ele>
        <time>2026-08-17T05:48:21.351Z</time>
      </trkpt>
      <trkpt lat="42.852173" lon="10.959408">
        <ele>90.374453</ele>
        <time>2026-08-17T05:48:40.007Z</time>
      </trkpt>
      <trkpt lat="42.852116" lon="10.960065">
        <ele>91.085771</ele>
        <time>2026-08-17T05:49:01.372Z</time>
      </trkpt>
      <trkpt lat="42.852152" lon="10.960635">
        <ele>91.700890</ele>
        <time>2026-08-17T05:49:16.746Z</time>
      </trkpt>
      <trkpt lat="42.852049" lon="10.961341">
        <ele>91.793767</ele>
        <time>2026-08-17T05:49:32.196Z</time>
      </trkpt>
      <trkpt lat="42.851975" lon="10.961714">
        <ele>90.866744</ele>
        <time>2026-08-17T05:49:39.973Z</time>
      </trkpt>
      <trkpt lat="42.851803" lon="10.962265">
        <ele>89.430037</ele>
        <time>2026-08-17T05:49:51.741Z</time>
      </trkpt>
      <trkpt lat="42.851522" lon="10.963001">
        <ele>87.439252</ele>
        <time>2026-08-17T05:50:06.734Z</time>
      </trkpt>
      <trkpt lat="42.851351" lon="10.963345">
        <ele>86.442156</ele>
        <time>2026-08-17T05:50:13.991Z</time>
      </trkpt>
      <trkpt lat="42.851188" lon="10.963596">
        <ele>85.204545</ele>
        <time>2026-08-17T05:50:19.905Z</time>
      </trkpt>
      <trkpt lat="42.851006" lon="10.963817">
        <ele>83.940718</ele>
        <time>2026-08-17T05:50:25.696Z</time>
      </trkpt>
      <trkpt lat="42.850817" lon="10.964079">
        <ele>82.543058</ele>
        <time>2026-08-17T05:50:32.045Z</time>
      </trkpt>
      <trkpt lat="42.850645" lon="10.964417">
        <ele>80.978548</ele>
        <time>2026-08-17T05:50:39.137Z</time>
      </trkpt>
      <trkpt lat="42.850432" lon="10.964761">
        <ele>79.266385</ele>
        <time>2026-08-17T05:50:46.811Z</time>
      </trkpt>
      <trkpt lat="42.850119" lon="10.965543">
        <ele>76.354707</ele>
        <time>2026-08-17T05:51:02.734Z</time>
      </trkpt>
      <trkpt lat="42.849356" lon="10.966241">
        <ele>73.527740</ele>
        <time>2026-08-17T05:51:26.915Z</time>
      </trkpt>
      <trkpt lat="42.849122" lon="10.966396">
        <ele>72.727286</ele>
        <time>2026-08-17T05:51:33.943Z</time>
      </trkpt>
      <trkpt lat="42.848971" lon="10.966595">
        <ele>72.081195</ele>
        <time>2026-08-17T05:51:39.599Z</time>
      </trkpt>
      <trkpt lat="42.848766" lon="10.967030">
        <ele>70.838771</ele>
        <time>2026-08-17T05:51:49.705Z</time>
      </trkpt>
      <trkpt lat="42.848649" lon="10.967187">
        <ele>70.269921</ele>
        <time>2026-08-17T05:51:54.032Z</time>
      </trkpt>
      <trkpt lat="42.848459" lon="10.967369">
        <ele>69.465233</ele>
        <time>2026-08-17T05:52:00.068Z</time>
      </trkpt>
      <trkpt lat="42.848417" lon="10.967464">
        <ele>69.183341</ele>
        <time>2026-08-17T05:52:02.188Z</time>
      </trkpt>
      <trkpt lat="42.848379" lon="10.967622">
        <ele>68.760807</ele>
        <time>2026-08-17T05:52:05.300Z</time>
      </trkpt>
      <trkpt lat="42.848304" lon="10.968440">
        <ele>66.666047</ele>
        <time>2026-08-17T05:52:20.509Z</time>
      </trkpt>
      <trkpt lat="42.848327" lon="10.968881">
        <ele>65.542617</ele>
        <time>2026-08-17T05:52:28.530Z</time>
      </trkpt>
      <trkpt lat="42.848396" lon="10.969338">
        <ele>64.240037</ele>
        <time>2026-08-17T05:52:36.966Z</time>
      </trkpt>
      <trkpt lat="42.848324" lon="10.969939">
        <ele>62.496711</ele>
        <time>2026-08-17T05:52:48.025Z</time>
      </trkpt>
      <trkpt lat="42.848348" lon="10.970099">
        <ele>62.029184</ele>
        <time>2026-08-17T05:52:51.001Z</time>
      </trkpt>
      <trkpt lat="42.848453" lon="10.970193">
        <ele>61.538769</ele>
        <time>2026-08-17T05:52:54.127Z</time>
      </trkpt>
      <trkpt lat="42.848499" lon="10.970448">
        <ele>60.786999</ele>
        <time>2026-08-17T05:52:58.930Z</time>
      </trkpt>
      <trkpt lat="42.848432" lon="10.971398">
        <ele>58.107609</ele>
        <time>2026-08-17T05:53:16.606Z</time>
      </trkpt>
      <trkpt lat="42.848159" lon="10.973413">
        <ele>53.767512</ele>
        <time>2026-08-17T05:53:55.831Z</time>
      </trkpt>
      <trkpt lat="42.848167" lon="10.973888">
        <ele>52.901387</ele>
        <time>2026-08-17T05:54:05.167Z</time>
      </trkpt>
      <trkpt lat="42.848317" lon="10.974643">
        <ele>52.018003</ele>
        <time>2026-08-17T05:54:20.867Z</time>
      </trkpt>
      <trkpt lat="42.848409" lon="10.975504">
        <ele>51.035392</ele>
        <time>2026-08-17T05:54:39.132Z</time>
      </trkpt>
      <trkpt lat="42.848556" lon="10.976062">
        <ele>50.365790</ele>
        <time>2026-08-17T05:54:52.149Z</time>
      </trkpt>
      <trkpt lat="42.848580" lon="10.976287">
        <ele>50.075270</ele>
        <time>2026-08-17T05:54:57.152Z</time>
      </trkpt>
      <trkpt lat="42.848575" lon="10.976472">
        <ele>49.827434</ele>
        <time>2026-08-17T05:55:01.116Z</time>
      </trkpt>
      <trkpt lat="42.848629" lon="10.976739">
        <ele>49.456637</ele>
        <time>2026-08-17T05:55:06.950Z</time>
      </trkpt>
      <trkpt lat="42.848763" lon="10.977038">
        <ele>48.987490</ele>
        <time>2026-08-17T05:55:14.185Z</time>
      </trkpt>
      <trkpt lat="42.848903" lon="10.977271">
        <ele>48.584190</ele>
        <time>2026-08-17T05:55:20.376Z</time>
      </trkpt>
      <trkpt lat="42.848937" lon="10.977498">
        <ele>48.274019</ele>
        <time>2026-08-17T05:55:25.060Z</time>
      </trkpt>
      <trkpt lat="42.848903" lon="10.977805">
        <ele>47.858363</ele>
        <time>2026-08-17T05:55:31.228Z</time>
      </trkpt>
      <trkpt lat="42.848968" lon="10.978157">
        <ele>47.372409</ele>
        <time>2026-08-17T05:55:38.346Z</time>
      </trkpt>
      <trkpt lat="42.849094" lon="10.978475">
        <ele>46.867395</ele>
        <time>2026-08-17T05:55:45.330Z</time>
      </trkpt>
      <trkpt lat="42.849194" lon="10.978864">
        <ele>46.216994</ele>
        <time>2026-08-17T05:55:53.180Z</time>
      </trkpt>
      <trkpt lat="42.849258" lon="10.979229">
        <ele>45.624856</ele>
        <time>2026-08-17T05:56:00.343Z</time>
      </trkpt>
      <trkpt lat="42.849404" lon="10.979705">
        <ele>44.810748</ele>
        <time>2026-08-17T05:56:10.525Z</time>
      </trkpt>
      <trkpt lat="42.849714" lon="10.980908">
        <ele>42.828073</ele>
        <time>2026-08-17T05:56:36.981Z</time>
      </trkpt>
      <trkpt lat="42.849771" lon="10.981195">
        <ele>42.399634</ele>
        <time>2026-08-17T05:56:43.198Z</time>
      </trkpt>
      <trkpt lat="42.849822" lon="10.981698">
        <ele>41.667973</ele>
        <time>2026-08-17T05:56:53.645Z</time>
      </trkpt>
      <trkpt lat="42.849896" lon="10.982152">
        <ele>40.997841</ele>
        <time>2026-08-17T05:57:02.996Z</time>
      </trkpt>
      <trkpt lat="42.850305" lon="10.983222">
        <ele>39.380334</ele>
        <time>2026-08-17T05:57:26.619Z</time>
      </trkpt>
      <trkpt lat="42.850896" lon="10.984415">
        <ele>38.041596</ele>
        <time>2026-08-17T05:57:55.586Z</time>
      </trkpt>
      <trkpt lat="42.851058" lon="10.984875">
        <ele>37.567106</ele>
        <time>2026-08-17T05:58:07.137Z</time>
      </trkpt>
      <trkpt lat="42.851227" lon="10.985068">
        <ele>37.352761</ele>
        <time>2026-08-17T05:58:14.494Z</time>
      </trkpt>
      <trkpt lat="42.851450" lon="10.985457">
        <ele>37.825148</ele>
        <time>2026-08-17T05:58:27.739Z</time>
      </trkpt>
      <trkpt lat="42.851576" lon="10.985577">
        <ele>38.025670</ele>
        <time>2026-08-17T05:58:33.760Z</time>
      </trkpt>
      <trkpt lat="42.851954" lon="10.985700">
        <ele>38.532748</ele>
        <time>2026-08-17T05:58:49.668Z</time>
      </trkpt>
      <trkpt lat="42.852822" lon="10.985900">
        <ele>39.667129</ele>
        <time>2026-08-17T05:59:24.583Z</time>
      </trkpt>
      <trkpt lat="42.852960" lon="10.985976">
        <ele>39.673021</ele>
        <time>2026-08-17T05:59:29.915Z</time>
      </trkpt>
      <trkpt lat="42.853168" lon="10.986275">
        <ele>39.684984</ele>
        <time>2026-08-17T05:59:40.190Z</time>
      </trkpt>
      <trkpt lat="42.853426" lon="10.986738">
        <ele>39.701863</ele>
        <time>2026-08-17T05:59:53.318Z</time>
      </trkpt>
      <trkpt lat="42.853934" lon="10.987614">
        <ele>39.734279</ele>
        <time>2026-08-17T06:00:17.512Z</time>
      </trkpt>
      <trkpt lat="42.854035" lon="10.987720">
        <ele>39.802489</ele>
        <time>2026-08-17T06:00:21.489Z</time>
      </trkpt>
      <trkpt lat="42.854461" lon="10.987825">
        <ele>40.573896</ele>
        <time>2026-08-17T06:00:30.076Z</time>
      </trkpt>
      <trkpt lat="42.854827" lon="10.987929">
        <ele>41.240092</ele>
        <time>2026-08-17T06:00:39.718Z</time>
      </trkpt>
      <trkpt lat="42.855167" lon="10.987936">
        <ele>41.846027</ele>
        <time>2026-08-17T06:00:50.068Z</time>
      </trkpt>
      <trkpt lat="42.855423" lon="10.987884">
        <ele>42.307238</ele>
        <time>2026-08-17T06:00:58.129Z</time>
      </trkpt>
      <trkpt lat="42.856073" lon="10.987633">
        <ele>43.162626</ele>
        <time>2026-08-17T06:01:18.201Z</time>
      </trkpt>
      <trkpt lat="42.855859" lon="10.989888">
        <ele>43.608036</ele>
        <time>2026-08-17T06:01:48.576Z</time>
      </trkpt>
      <trkpt lat="42.855862" lon="10.990066">
        <ele>43.207205</ele>
        <time>2026-08-17T06:01:50.530Z</time>
      </trkpt>
      <trkpt lat="42.855932" lon="10.990209">
        <ele>42.820096</ele>
        <time>2026-08-17T06:01:52.387Z</time>
      </trkpt>
      <trkpt lat="42.855985" lon="10.990274">
        <ele>42.601223</ele>
        <time>2026-08-17T06:01:53.425Z</time>
      </trkpt>
      <trkpt lat="42.856772" lon="10.990896">
        <ele>39.807986</ele>
        <time>2026-08-17T06:02:04.986Z</time>
      </trkpt>
      <trkpt lat="42.856950" lon="10.991103">
        <ele>39.089669</ele>
        <time>2026-08-17T06:02:07.673Z</time>
      </trkpt>
      <trkpt lat="42.857188" lon="10.991519">
        <ele>37.112315</ele>
        <time>2026-08-17T06:02:11.969Z</time>
      </trkpt>
      <trkpt lat="42.857343" lon="10.991719">
        <ele>35.773749</ele>
        <time>2026-08-17T06:02:14.305Z</time>
      </trkpt>
      <trkpt lat="42.857818" lon="10.992180">
        <ele>32.116383</ele>
        <time>2026-08-17T06:02:20.619Z</time>
      </trkpt>
      <trkpt lat="42.858074" lon="10.992311">
        <ele>30.400972</ele>
        <time>2026-08-17T06:02:23.634Z</time>
      </trkpt>
      <trkpt lat="42.858445" lon="10.992353">
        <ele>28.065337</ele>
        <time>2026-08-17T06:02:27.848Z</time>
      </trkpt>
      <trkpt lat="42.858610" lon="10.992427">
        <ele>27.240123</ele>
        <time>2026-08-17T06:02:29.879Z</time>
      </trkpt>
      <trkpt lat="42.860072" lon="10.993395">
        <ele>23.813991</ele>
        <time>2026-08-17T06:02:52.173Z</time>
      </trkpt>
      <trkpt lat="42.861264" lon="10.994300">
        <ele>23.107759</ele>
        <time>2026-08-17T06:03:17.215Z</time>
      </trkpt>
      <trkpt lat="42.862082" lon="10.995394">
        <ele>21.728760</ele>
        <time>2026-08-17T06:03:34.239Z</time>
      </trkpt>
      <trkpt lat="42.862142" lon="10.995552">
        <ele>21.474151</ele>
        <time>2026-08-17T06:03:36.007Z</time>
      </trkpt>
      <trkpt lat="42.862156" lon="10.995654">
        <ele>21.325670</ele>
        <time>2026-08-17T06:03:37.029Z</time>
      </trkpt>
      <trkpt lat="42.862141" lon="10.995799">
        <ele>21.116143</ele>
        <time>2026-08-17T06:03:38.466Z</time>
      </trkpt>
      <trkpt lat="42.862080" lon="10.995929">
        <ele>20.895287</ele>
        <time>2026-08-17T06:03:39.976Z</time>
      </trkpt>
      <trkpt lat="42.861563" lon="10.996655">
        <ele>19.446987</ele>
        <time>2026-08-17T06:03:49.624Z</time>
      </trkpt>
      <trkpt lat="42.861505" lon="10.996923">
        <ele>18.901674</ele>
        <time>2026-08-17T06:03:52.246Z</time>
      </trkpt>
      <trkpt lat="42.861544" lon="10.998070">
        <ele>16.563261</ele>
        <time>2026-08-17T06:04:03.111Z</time>
      </trkpt>
      <trkpt lat="42.862034" lon="11.000340">
        <ele>12.204947</ele>
        <time>2026-08-17T06:04:25.415Z</time>
      </trkpt>
      <trkpt lat="42.862090" lon="11.000736">
        <ele>11.526486</ele>
        <time>2026-08-17T06:04:29.399Z</time>
      </trkpt>
      <trkpt lat="42.862077" lon="11.000910">
        <ele>11.232256</ele>
        <time>2026-08-17T06:04:31.150Z</time>
      </trkpt>
      <trkpt lat="42.861821" lon="11.002220">
        <ele>9.555966</ele>
        <time>2026-08-17T06:04:45.260Z</time>
      </trkpt>
      <trkpt lat="42.861275" lon="11.003958">
        <ele>7.863610</ele>
        <time>2026-08-17T06:05:05.708Z</time>
      </trkpt>
      <trkpt lat="42.861249" lon="11.004019">
        <ele>7.807733</ele>
        <time>2026-08-17T06:05:06.460Z</time>
      </trkpt>
      <trkpt lat="42.861200" lon="11.004129">
        <ele>7.705802</ele>
        <time>2026-08-17T06:05:07.830Z</time>
      </trkpt>
      <trkpt lat="42.861142" lon="11.004269">
        <ele>7.578456</ele>
        <time>2026-08-17T06:05:09.548Z</time>
      </trkpt>
      <trkpt lat="42.860958" lon="11.004863">
        <ele>7.067799</ele>
        <time>2026-08-17T06:05:16.478Z</time>
      </trkpt>
      <trkpt lat="42.860858" lon="11.005053">
        <ele>6.882573</ele>
        <time>2026-08-17T06:05:19.009Z</time>
      </trkpt>
      <trkpt lat="42.860575" lon="11.005479">
        <ele>6.427300</ele>
        <time>2026-08-17T06:05:25.231Z</time>
      </trkpt>
      <trkpt lat="42.860501" lon="11.005652">
        <ele>6.268683</ele>
        <time>2026-08-17T06:05:27.384Z</time>
      </trkpt>
      <trkpt lat="42.860492" lon="11.005774">
        <ele>6.171584</ele>
        <time>2026-08-17T06:05:28.714Z</time>
      </trkpt>
      <trkpt lat="42.860542" lon="11.005883">
        <ele>6.077811</ele>
        <time>2026-08-17T06:05:30.104Z</time>
      </trkpt>
      <trkpt lat="42.861452" lon="11.007127">
        <ele>5.162382</ele>
        <time>2026-08-17T06:05:49.779Z</time>
      </trkpt>
      <trkpt lat="42.862427" lon="11.008044">
        <ele>4.617166</ele>
        <time>2026-08-17T06:06:08.841Z</time>
      </trkpt>
      <trkpt lat="42.862523" lon="11.008288">
        <ele>4.559387</ele>
        <time>2026-08-17T06:06:12.167Z</time>
      </trkpt>
      <trkpt lat="42.862728" lon="11.009159">
        <ele>4.368522</ele>
        <time>2026-08-17T06:06:23.159Z</time>
      </trkpt>
      <trkpt lat="42.863760" lon="11.011628">
        <ele>4.104827</ele>
        <time>2026-08-17T06:06:58.135Z</time>
      </trkpt>
      <trkpt lat="42.863891" lon="11.011942">
        <ele>4.073094</ele>
        <time>2026-08-17T06:07:02.611Z</time>
      </trkpt>
      <trkpt lat="42.863976" lon="11.016883">
        <ele>3.757528</ele>
        <time>2026-08-17T06:08:03.351Z</time>
      </trkpt>
      <trkpt lat="42.863978" lon="11.017068">
        <ele>3.783726</ele>
        <time>2026-08-17T06:08:05.833Z</time>
      </trkpt>
      <trkpt lat="42.863979" lon="11.017235">
        <ele>3.807373</ele>
        <time>2026-08-17T06:08:08.063Z</time>
      </trkpt>
      <trkpt lat="42.863980" lon="11.017308">
        <ele>3.817711</ele>
        <time>2026-08-17T06:08:09.091Z</time>
      </trkpt>
      <trkpt lat="42.863986" lon="11.017820">
        <ele>3.890216</ele>
        <time>2026-08-17T06:08:15.996Z</time>
      </trkpt>
      <trkpt lat="42.863991" lon="11.018080">
        <ele>3.927043</ele>
        <time>2026-08-17T06:08:19.507Z</time>
      </trkpt>
      <trkpt lat="42.863993" lon="11.018181">
        <ele>3.941350</ele>
        <time>2026-08-17T06:08:20.915Z</time>
      </trkpt>
      <trkpt lat="42.864035" lon="11.020625">
        <ele>4.353155</ele>
        <time>2026-08-17T06:08:53.524Z</time>
      </trkpt>
      <trkpt lat="42.864095" lon="11.023998">
        <ele>4.852944</ele>
        <time>2026-08-17T06:09:37.823Z</time>
      </trkpt>
      <trkpt lat="42.864098" lon="11.024164">
        <ele>4.896820</ele>
        <time>2026-08-17T06:09:40.076Z</time>
      </trkpt>
      <trkpt lat="42.864152" lon="11.027698">
        <ele>5.690830</ele>
        <time>2026-08-17T06:10:29.246Z</time>
      </trkpt>
      <trkpt lat="42.864280" lon="11.035262">
        <ele>5.743962</ele>
        <time>2026-08-17T06:12:03.287Z</time>
      </trkpt>
      <trkpt lat="42.864306" lon="11.036589">
        <ele>5.876669</ele>
        <time>2026-08-17T06:12:21.157Z</time>
      </trkpt>
      <trkpt lat="42.864331" lon="11.039177">
        <ele>6.457224</ele>
        <time>2026-08-17T06:12:55.471Z</time>
      </trkpt>
      <trkpt lat="42.864356" lon="11.039613">
        <ele>6.614244</ele>
        <time>2026-08-17T06:13:01.617Z</time>
      </trkpt>
      <trkpt lat="42.864356" lon="11.039613">
        <ele>6.614244</ele>
        <time>2026-08-17T06:13:01.629Z</time>
      </trkpt>
      <trkpt lat="42.864350" lon="11.039614">
        <ele>6.617205</ele>
        <time>2026-08-17T06:13:01.757Z</time>
      </trkpt>
      <trkpt lat="42.864361" lon="11.039775">
        <ele>6.675261</ele>
        <time>2026-08-17T06:13:04.292Z</time>
      </trkpt>
      <trkpt lat="42.864389" lon="11.040282">
        <ele>6.857810</ele>
        <time>2026-08-17T06:13:12.260Z</time>
      </trkpt>
      <trkpt lat="42.864396" lon="11.040349">
        <ele>6.882109</ele>
        <time>2026-08-17T06:13:13.321Z</time>
      </trkpt>
      <trkpt lat="42.864440" lon="11.040664">
        <ele>6.997242</ele>
        <time>2026-08-17T06:13:18.348Z</time>
      </trkpt>
      <trkpt lat="42.864478" lon="11.040903">
        <ele>7.085048</ele>
        <time>2026-08-17T06:13:22.180Z</time>
      </trkpt>
      <trkpt lat="42.864516" lon="11.041074">
        <ele>7.109346</ele>
        <time>2026-08-17T06:13:24.981Z</time>
      </trkpt>
      <trkpt lat="42.864547" lon="11.041232">
        <ele>7.126984</ele>
        <time>2026-08-17T06:13:27.545Z</time>
      </trkpt>
      <trkpt lat="42.864554" lon="11.041282">
        <ele>7.132474</ele>
        <time>2026-08-17T06:13:28.343Z</time>
      </trkpt>
      <trkpt lat="42.864602" lon="11.041451">
        <ele>7.152019</ele>
        <time>2026-08-17T06:13:31.183Z</time>
      </trkpt>
      <trkpt lat="42.864631" lon="11.041470">
        <ele>7.156752</ele>
        <time>2026-08-17T06:13:31.871Z</time>
      </trkpt>
      <trkpt lat="42.864817" lon="11.041452">
        <ele>7.184187</ele>
        <time>2026-08-17T06:13:35.859Z</time>
      </trkpt>
      <trkpt lat="42.864811" lon="11.041417">
        <ele>7.188063</ele>
        <time>2026-08-17T06:13:36.423Z</time>
      </trkpt>
      <trkpt lat="42.864811" lon="11.041417">
        <ele>7.188063</ele>
        <time>2026-08-17T06:13:36.430Z</time>
      </trkpt>
      <trkpt lat="42.875703" lon="11.038028">
        <ele>8.918186</ele>
        <time>2026-08-17T06:19:36.831Z</time>
      </trkpt>
      <trkpt lat="42.879042" lon="11.037215">
        <ele>9.999455</ele>
        <time>2026-08-17T06:21:30.637Z</time>
      </trkpt>
      <trkpt lat="42.880271" lon="11.037014">
        <ele>10.293741</ele>
        <time>2026-08-17T06:22:10.838Z</time>
      </trkpt>
      <trkpt lat="42.881747" lon="11.036957">
        <ele>10.513725</ele>
        <time>2026-08-17T06:22:58.553Z</time>
      </trkpt>
      <trkpt lat="42.884345" lon="11.037006">
        <ele>10.981103</ele>
        <time>2026-08-17T06:24:23.583Z</time>
      </trkpt>
      <trkpt lat="42.890473" lon="11.037004">
        <ele>11.883768</ele>
        <time>2026-08-17T06:27:42.586Z</time>
      </trkpt>
      <trkpt lat="42.890518" lon="11.036902">
        <ele>11.891126</ele>
        <time>2026-08-17T06:27:45.275Z</time>
      </trkpt>
      <trkpt lat="42.890522" lon="11.036455">
        <ele>11.934664</ele>
        <time>2026-08-17T06:27:55.425Z</time>
      </trkpt>
      <trkpt lat="42.891338" lon="11.035879">
        <ele>12.173843</ele>
        <time>2026-08-17T06:28:24.343Z</time>
      </trkpt>
      <trkpt lat="42.896076" lon="11.031107">
        <ele>16.092709</ele>
        <time>2026-08-17T06:31:50.821Z</time>
      </trkpt>
      <trkpt lat="42.896140" lon="11.031428">
        <ele>16.269503</ele>
        <time>2026-08-17T06:31:55.905Z</time>
      </trkpt>
      <trkpt lat="42.896284" lon="11.031694">
        <ele>16.360462</ele>
        <time>2026-08-17T06:32:00.905Z</time>
      </trkpt>
      <trkpt lat="42.896609" lon="11.031958">
        <ele>16.464858</ele>
        <time>2026-08-17T06:32:08.371Z</time>
      </trkpt>
      <trkpt lat="42.896837" lon="11.032063">
        <ele>16.531280</ele>
        <time>2026-08-17T06:32:13.014Z</time>
      </trkpt>
      <trkpt lat="42.898196" lon="11.032226">
        <ele>16.605001</ele>
        <time>2026-08-17T06:32:36.448Z</time>
      </trkpt>
      <trkpt lat="42.898564" lon="11.032293">
        <ele>16.406148</ele>
        <time>2026-08-17T06:32:42.175Z</time>
      </trkpt>
      <trkpt lat="42.899040" lon="11.032499">
        <ele>16.138687</ele>
        <time>2026-08-17T06:32:49.854Z</time>
      </trkpt>
      <trkpt lat="42.899416" lon="11.032802">
        <ele>15.904821</ele>
        <time>2026-08-17T06:33:20.201Z</time>
      </trkpt>
      <trkpt lat="42.900692" lon="11.034142">
        <ele>14.986713</ele>
        <time>2026-08-17T06:35:12.052Z</time>
      </trkpt>
      <trkpt lat="42.900788" lon="11.034242">
        <ele>14.917515</ele>
        <time>2026-08-17T06:35:20.430Z</time>
      </trkpt>
      <trkpt lat="42.901052" lon="11.034508">
        <ele>14.793361</ele>
        <time>2026-08-17T06:35:43.267Z</time>
      </trkpt>
      <trkpt lat="42.901276" lon="11.034691">
        <ele>14.761319</ele>
        <time>2026-08-17T06:36:01.415Z</time>
      </trkpt>
      <trkpt lat="42.901386" lon="11.034745">
        <ele>14.746970</ele>
        <time>2026-08-17T06:36:09.530Z</time>
      </trkpt>
      <trkpt lat="42.901476" lon="11.034788">
        <ele>14.735266</ele>
        <time>2026-08-17T06:36:16.129Z</time>
      </trkpt>
      <trkpt lat="42.901744" lon="11.034833">
        <ele>14.702122</ele>
        <time>2026-08-17T06:36:34.907Z</time>
      </trkpt>
      <trkpt lat="42.902007" lon="11.034802">
        <ele>14.669720</ele>
        <time>2026-08-17T06:36:53.251Z</time>
      </trkpt>
      <trkpt lat="42.902220" lon="11.034717">
        <ele>14.642481</ele>
        <time>2026-08-17T06:37:08.667Z</time>
      </trkpt>
      <trkpt lat="42.902426" lon="11.034562">
        <ele>14.613609</ele>
        <time>2026-08-17T06:37:25.068Z</time>
      </trkpt>
      <trkpt lat="42.902693" lon="11.034272">
        <ele>14.621864</ele>
        <time>2026-08-17T06:37:48.774Z</time>
      </trkpt>
      <trkpt lat="42.902963" lon="11.034202">
        <ele>14.680709</ele>
        <time>2026-08-17T06:37:53.746Z</time>
      </trkpt>
      <trkpt lat="42.903021" lon="11.034224">
        <ele>14.693599</ele>
        <time>2026-08-17T06:37:54.814Z</time>
      </trkpt>
      <trkpt lat="42.903106" lon="11.034436">
        <ele>14.731505</ele>
        <time>2026-08-17T06:37:58.019Z</time>
      </trkpt>
      <trkpt lat="42.903150" lon="11.034644">
        <ele>14.765461</ele>
        <time>2026-08-17T06:38:00.868Z</time>
      </trkpt>
      <trkpt lat="42.903208" lon="11.035077">
        <ele>14.834500</ele>
        <time>2026-08-17T06:38:06.614Z</time>
      </trkpt>
      <trkpt lat="42.903279" lon="11.037111">
        <ele>15.081446</ele>
        <time>2026-08-17T06:38:34.010Z</time>
      </trkpt>
      <trkpt lat="42.903278" lon="11.037643">
        <ele>15.131076</ele>
        <time>2026-08-17T06:38:40.808Z</time>
      </trkpt>
      <trkpt lat="42.903247" lon="11.037894">
        <ele>15.154823</ele>
        <time>2026-08-17T06:38:43.994Z</time>
      </trkpt>
      <trkpt lat="42.903149" lon="11.038303">
        <ele>15.194968</ele>
        <time>2026-08-17T06:38:49.361Z</time>
      </trkpt>
      <trkpt lat="42.902822" lon="11.039139">
        <ele>15.310457</ele>
        <time>2026-08-17T06:39:01.201Z</time>
      </trkpt>
      <trkpt lat="42.903826" lon="11.039401">
        <ele>15.485149</ele>
        <time>2026-08-17T06:39:19.568Z</time>
      </trkpt>
      <trkpt lat="42.904114" lon="11.039464">
        <ele>15.571268</ele>
        <time>2026-08-17T06:39:25.080Z</time>
      </trkpt>
      <trkpt lat="42.904224" lon="11.039490">
        <ele>15.619901</ele>
        <time>2026-08-17T06:39:27.193Z</time>
      </trkpt>
      <trkpt lat="42.909133" lon="11.040651">
        <ele>18.055693</ele>
        <time>2026-08-17T06:41:02.680Z</time>
      </trkpt>
      <trkpt lat="42.909645" lon="11.040651">
        <ele>18.591453</ele>
        <time>2026-08-17T06:41:14.244Z</time>
      </trkpt>
      <trkpt lat="42.909864" lon="11.040798">
        <ele>18.898913</ele>
        <time>2026-08-17T06:41:19.927Z</time>
      </trkpt>
      <trkpt lat="42.913237" lon="11.045303">
        <ele>24.756457</ele>
        <time>2026-08-17T06:43:08.162Z</time>
      </trkpt>
      <trkpt lat="42.913379" lon="11.045418">
        <ele>24.914037</ele>
        <time>2026-08-17T06:43:11.599Z</time>
      </trkpt>
      <trkpt lat="42.913695" lon="11.045544">
        <ele>25.135775</ele>
        <time>2026-08-17T06:43:18.290Z</time>
      </trkpt>
      <trkpt lat="42.913826" lon="11.045655">
        <ele>25.239623</ele>
        <time>2026-08-17T06:43:21.379Z</time>
      </trkpt>
      <trkpt lat="42.914330" lon="11.046505">
        <ele>25.779130</ele>
        <time>2026-08-17T06:43:37.139Z</time>
      </trkpt>
      <trkpt lat="42.915114" lon="11.047939">
        <ele>26.634060</ele>
        <time>2026-08-17T06:44:03.173Z</time>
      </trkpt>
      <trkpt lat="42.915783" lon="11.049099">
        <ele>27.296327</ele>
        <time>2026-08-17T06:44:24.895Z</time>
      </trkpt>
      <trkpt lat="42.915971" lon="11.049373">
        <ele>27.417466</ele>
        <time>2026-08-17T06:44:30.277Z</time>
      </trkpt>
      <trkpt lat="42.918352" lon="11.052725">
        <ele>28.838175</ele>
        <time>2026-08-17T06:45:34.785Z</time>
      </trkpt>
      <trkpt lat="42.922589" lon="11.058800">
        <ele>31.870462</ele>
        <time>2026-08-17T06:47:33.073Z</time>
      </trkpt>
      <trkpt lat="42.922943" lon="11.059266">
        <ele>32.145118</ele>
        <time>2026-08-17T06:47:42.927Z</time>
      </trkpt>
      <trkpt lat="42.923111" lon="11.059453">
        <ele>32.266187</ele>
        <time>2026-08-17T06:47:47.320Z</time>
      </trkpt>
      <trkpt lat="42.925677" lon="11.063038">
        <ele>35.101953</ele>
        <time>2026-08-17T06:49:02.869Z</time>
      </trkpt>
      <trkpt lat="42.927674" lon="11.065873">
        <ele>37.310190</ele>
        <time>2026-08-17T06:50:02.792Z</time>
      </trkpt>
      <trkpt lat="42.928173" lon="11.066583">
        <ele>37.824966</ele>
        <time>2026-08-17T06:50:16.986Z</time>
      </trkpt>
      <trkpt lat="42.928534" lon="11.065200">
        <ele>38.335309</ele>
        <time>2026-08-17T06:50:37.540Z</time>
      </trkpt>
      <trkpt lat="42.929466" lon="11.065620">
        <ele>38.819804</ele>
        <time>2026-08-17T06:50:56.451Z</time>
      </trkpt>
      <trkpt lat="42.932867" lon="11.066819">
        <ele>40.810221</ele>
        <time>2026-08-17T06:52:05.586Z</time>
      </trkpt>
      <trkpt lat="42.934883" lon="11.067525">
        <ele>41.696300</ele>
        <time>2026-08-17T06:52:47.152Z</time>
      </trkpt>
      <trkpt lat="42.933848" lon="11.064104">
        <ele>40.851001</ele>
        <time>2026-08-17T06:53:30.282Z</time>
      </trkpt>
      <trkpt lat="42.933838" lon="11.064001">
        <ele>40.814570</ele>
        <time>2026-08-17T06:53:31.456Z</time>
      </trkpt>
      <trkpt lat="42.933903" lon="11.063962">
        <ele>40.780570</ele>
        <time>2026-08-17T06:53:32.561Z</time>
      </trkpt>
      <trkpt lat="42.936640" lon="11.063301">
        <ele>39.820325</ele>
        <time>2026-08-17T06:54:16.247Z</time>
      </trkpt>
      <trkpt lat="42.936799" lon="11.063321">
        <ele>39.853669</ele>
        <time>2026-08-17T06:54:19.078Z</time>
      </trkpt>
      <trkpt lat="42.936933" lon="11.063493">
        <ele>39.892068</ele>
        <time>2026-08-17T06:54:22.484Z</time>
      </trkpt>
      <trkpt lat="42.937774" lon="11.064534">
        <ele>40.574725</ele>
        <time>2026-08-17T06:54:49.496Z</time>
      </trkpt>
      <trkpt lat="42.938440" lon="11.065242">
        <ele>41.778840</ele>
        <time>2026-08-17T06:55:12.843Z</time>
      </trkpt>
      <trkpt lat="42.938599" lon="11.065389">
        <ele>42.052779</ele>
        <time>2026-08-17T06:55:18.112Z</time>
      </trkpt>
      <trkpt lat="42.938692" lon="11.065441">
        <ele>42.196158</ele>
        <time>2026-08-17T06:55:20.826Z</time>
      </trkpt>
      <trkpt lat="42.939235" lon="11.065669">
        <ele>42.879987</ele>
        <time>2026-08-17T06:55:35.571Z</time>
      </trkpt>
      <trkpt lat="42.940286" lon="11.066064">
        <ele>43.927032</ele>
        <time>2026-08-17T06:55:58.698Z</time>
      </trkpt>
      <trkpt lat="42.940309" lon="11.066145">
        <ele>43.988124</ele>
        <time>2026-08-17T06:55:59.877Z</time>
      </trkpt>
      <trkpt lat="42.944423" lon="11.073101">
        <ele>48.525116</ele>
        <time>2026-08-17T06:58:13.246Z</time>
      </trkpt>
      <trkpt lat="42.944485" lon="11.073288">
        <ele>48.579894</ele>
        <time>2026-08-17T06:58:16.078Z</time>
      </trkpt>
      <trkpt lat="42.944509" lon="11.073430">
        <ele>48.618782</ele>
        <time>2026-08-17T06:58:18.055Z</time>
      </trkpt>
      <trkpt lat="42.944507" lon="11.073698">
        <ele>48.690298</ele>
        <time>2026-08-17T06:58:21.629Z</time>
      </trkpt>
      <trkpt lat="42.944467" lon="11.074271">
        <ele>48.843889</ele>
        <time>2026-08-17T06:58:29.040Z</time>
      </trkpt>
      <trkpt lat="42.943917" lon="11.082139">
        <ele>47.310188</ele>
        <time>2026-08-17T07:00:03.440Z</time>
      </trkpt>
      <trkpt lat="42.943707" lon="11.085227">
        <ele>47.013854</ele>
        <time>2026-08-17T07:00:40.655Z</time>
      </trkpt>
      <trkpt lat="42.943497" lon="11.088216">
        <ele>48.321028</ele>
        <time>2026-08-17T07:01:22.469Z</time>
      </trkpt>
      <trkpt lat="42.943483" lon="11.088381">
        <ele>48.444145</ele>
        <time>2026-08-17T07:01:25.591Z</time>
      </trkpt>
      <trkpt lat="42.943440" lon="11.088873">
        <ele>48.811405</ele>
        <time>2026-08-17T07:01:35.012Z</time>
      </trkpt>
      <trkpt lat="42.943450" lon="11.088987">
        <ele>48.896506</ele>
        <time>2026-08-17T07:01:37.221Z</time>
      </trkpt>
      <trkpt lat="42.943507" lon="11.089034">
        <ele>48.963919</ele>
        <time>2026-08-17T07:01:38.966Z</time>
      </trkpt>
      <trkpt lat="42.944350" lon="11.089399">
        <ele>49.797667</ele>
        <time>2026-08-17T07:02:01.767Z</time>
      </trkpt>
      <trkpt lat="42.944977" lon="11.089602">
        <ele>50.402490</ele>
        <time>2026-08-17T07:02:14.339Z</time>
      </trkpt>
      <trkpt lat="42.945163" lon="11.089768">
        <ele>50.611029</ele>
        <time>2026-08-17T07:02:18.089Z</time>
      </trkpt>
      <trkpt lat="42.945260" lon="11.089890">
        <ele>50.686791</ele>
        <time>2026-08-17T07:02:20.183Z</time>
      </trkpt>
      <trkpt lat="42.945454" lon="11.090202">
        <ele>50.546805</ele>
        <time>2026-08-17T07:02:24.746Z</time>
      </trkpt>
      <trkpt lat="42.945672" lon="11.090628">
        <ele>50.369064</ele>
        <time>2026-08-17T07:02:30.461Z</time>
      </trkpt>
      <trkpt lat="42.945813" lon="11.090755">
        <ele>50.290167</ele>
        <time>2026-08-17T07:02:33.040Z</time>
      </trkpt>
      <trkpt lat="42.946210" lon="11.090918">
        <ele>50.096513</ele>
        <time>2026-08-17T07:02:39.481Z</time>
      </trkpt>
      <trkpt lat="42.946394" lon="11.091056">
        <ele>49.998455</ele>
        <time>2026-08-17T07:02:42.811Z</time>
      </trkpt>
      <trkpt lat="42.946465" lon="11.091165">
        <ele>49.948562</ele>
        <time>2026-08-17T07:02:44.502Z</time>
      </trkpt>
      <trkpt lat="42.947021" lon="11.092314">
        <ele>50.266598</ele>
        <time>2026-08-17T07:03:02.654Z</time>
      </trkpt>
      <trkpt lat="42.948079" lon="11.094571">
        <ele>51.320590</ele>
        <time>2026-08-17T07:03:43.494Z</time>
      </trkpt>
      <trkpt lat="42.948239" lon="11.095609">
        <ele>51.773649</ele>
        <time>2026-08-17T07:03:57.662Z</time>
      </trkpt>
      <trkpt lat="42.948437" lon="11.096408">
        <ele>52.027287</ele>
        <time>2026-08-17T07:04:08.770Z</time>
      </trkpt>
      <trkpt lat="42.949172" lon="11.099209">
        <ele>53.186717</ele>
        <time>2026-08-17T07:04:50.917Z</time>
      </trkpt>
      <trkpt lat="42.950249" lon="11.103405">
        <ele>55.705770</ele>
        <time>2026-08-17T07:06:00.221Z</time>
      </trkpt>
      <trkpt lat="42.950345" lon="11.103792">
        <ele>55.849038</ele>
        <time>2026-08-17T07:06:05.251Z</time>
      </trkpt>
      <trkpt lat="42.950568" lon="11.104752">
        <ele>56.202170</ele>
        <time>2026-08-17T07:06:18.698Z</time>
      </trkpt>
      <trkpt lat="42.950624" lon="11.104898">
        <ele>56.259962</ele>
        <time>2026-08-17T07:06:21.025Z</time>
      </trkpt>
      <trkpt lat="42.950838" lon="11.105218">
        <ele>56.471248</ele>
        <time>2026-08-17T07:06:27.073Z</time>
      </trkpt>
      <trkpt lat="42.951225" lon="11.105791">
        <ele>56.859472</ele>
        <time>2026-08-17T07:06:38.471Z</time>
      </trkpt>
      <trkpt lat="42.951282" lon="11.105985">
        <ele>56.963563</ele>
        <time>2026-08-17T07:06:41.784Z</time>
      </trkpt>
      <trkpt lat="42.951918" lon="11.109636">
        <ele>58.535943</ele>
        <time>2026-08-17T07:07:38.420Z</time>
      </trkpt>
      <trkpt lat="42.950565" lon="11.109497">
        <ele>57.893719</ele>
        <time>2026-08-17T07:07:58.670Z</time>
      </trkpt>
      <trkpt lat="42.950243" lon="11.125133">
        <ele>56.333053</ele>
        <time>2026-08-17T07:11:11.228Z</time>
      </trkpt>
      <trkpt lat="42.950332" lon="11.125883">
        <ele>56.060001</ele>
        <time>2026-08-17T07:11:21.229Z</time>
      </trkpt>
      <trkpt lat="42.950458" lon="11.126631">
        <ele>55.784161</ele>
        <time>2026-08-17T07:11:31.065Z</time>
      </trkpt>
      <trkpt lat="42.948544" lon="11.132070">
        <ele>53.068468</ele>
        <time>2026-08-17T07:12:46.958Z</time>
      </trkpt>
      <trkpt lat="42.948484" lon="11.132206">
        <ele>53.152220</ele>
        <time>2026-08-17T07:12:49.328Z</time>
      </trkpt>
      <trkpt lat="42.948363" lon="11.132339">
        <ele>53.264125</ele>
        <time>2026-08-17T07:12:52.670Z</time>
      </trkpt>
      <trkpt lat="42.948134" lon="11.132591">
        <ele>53.476008</ele>
        <time>2026-08-17T07:12:59.417Z</time>
      </trkpt>
      <trkpt lat="42.948046" lon="11.132692">
        <ele>53.558824</ele>
        <time>2026-08-17T07:13:02.377Z</time>
      </trkpt>
      <trkpt lat="42.947935" lon="11.133018">
        <ele>53.748461</ele>
        <time>2026-08-17T07:13:09.476Z</time>
      </trkpt>
      <trkpt lat="42.947546" lon="11.134728">
        <ele>55.937434</ele>
        <time>2026-08-17T07:13:48.772Z</time>
      </trkpt>
      <trkpt lat="42.947513" lon="11.134957">
        <ele>56.277799</ele>
        <time>2026-08-17T07:13:53.703Z</time>
      </trkpt>
      <trkpt lat="42.948121" lon="11.135417">
        <ele>57.642170</ele>
        <time>2026-08-17T07:14:11.004Z</time>
      </trkpt>
      <trkpt lat="42.952256" lon="11.138821">
        <ele>64.735918</ele>
        <time>2026-08-17T07:16:07.014Z</time>
      </trkpt>
      <trkpt lat="42.954934" lon="11.142005">
        <ele>67.488317</ele>
        <time>2026-08-17T07:17:17.734Z</time>
      </trkpt>
      <trkpt lat="42.955598" lon="11.142794">
        <ele>68.690537</ele>
        <time>2026-08-17T07:17:36.491Z</time>
      </trkpt>
      <trkpt lat="42.955801" lon="11.143080">
        <ele>69.406680</ele>
        <time>2026-08-17T07:17:43.678Z</time>
      </trkpt>
      <trkpt lat="42.956242" lon="11.143829">
        <ele>71.134605</ele>
        <time>2026-08-17T07:18:04.024Z</time>
      </trkpt>
      <trkpt lat="42.956731" lon="11.144432">
        <ele>72.757633</ele>
        <time>2026-08-17T07:18:26.387Z</time>
      </trkpt>
      <trkpt lat="42.957042" lon="11.144887">
        <ele>73.891172</ele>
        <time>2026-08-17T07:18:41.736Z</time>
      </trkpt>
      <trkpt lat="42.957183" lon="11.145144">
        <ele>74.475979</ele>
        <time>2026-08-17T07:18:49.260Z</time>
      </trkpt>
      <trkpt lat="42.957479" lon="11.145812">
        <ele>75.897771</ele>
        <time>2026-08-17T07:19:05.420Z</time>
      </trkpt>
      <trkpt lat="42.958327" lon="11.148157">
        <ele>77.253415</ele>
        <time>2026-08-17T07:19:42.260Z</time>
      </trkpt>
      <trkpt lat="42.958362" lon="11.148356">
        <ele>77.295395</ele>
        <time>2026-08-17T07:19:44.583Z</time>
      </trkpt>
      <trkpt lat="42.958340" lon="11.148701">
        <ele>77.331785</ele>
        <time>2026-08-17T07:19:48.336Z</time>
      </trkpt>
      <trkpt lat="42.958153" lon="11.149298">
        <ele>77.353585</ele>
        <time>2026-08-17T07:19:55.489Z</time>
      </trkpt>
      <trkpt lat="42.958170" lon="11.149427">
        <ele>77.357985</ele>
        <time>2026-08-17T07:19:57.032Z</time>
      </trkpt>
      <trkpt lat="42.958231" lon="11.149515">
        <ele>77.362054</ele>
        <time>2026-08-17T07:19:58.571Z</time>
      </trkpt>
      <trkpt lat="42.958435" lon="11.149668">
        <ele>77.372728</ele>
        <time>2026-08-17T07:20:02.570Z</time>
      </trkpt>
      <trkpt lat="42.958725" lon="11.149858">
        <ele>77.387481</ele>
        <time>2026-08-17T07:20:08.509Z</time>
      </trkpt>
      <trkpt lat="42.958956" lon="11.149956">
        <ele>77.398576</ele>
        <time>2026-08-17T07:20:13.178Z</time>
      </trkpt>
      <trkpt lat="42.958865" lon="11.150025">
        <ele>77.403349</ele>
        <time>2026-08-17T07:20:15.451Z</time>
      </trkpt>
      <trkpt lat="42.958676" lon="11.150141">
        <ele>77.553165</ele>
        <time>2026-08-17T07:20:20.027Z</time>
      </trkpt>
      <trkpt lat="42.958297" lon="11.150284">
        <ele>78.044753</ele>
        <time>2026-08-17T07:20:30.076Z</time>
      </trkpt>
      <trkpt lat="42.957779" lon="11.150474">
        <ele>78.715324</ele>
        <time>2026-08-17T07:20:45.109Z</time>
      </trkpt>
      <trkpt lat="42.957508" lon="11.150528">
        <ele>79.057733</ele>
        <time>2026-08-17T07:20:52.122Z</time>
      </trkpt>
      <trkpt lat="42.957182" lon="11.150471">
        <ele>79.468646</ele>
        <time>2026-08-17T07:21:00.132Z</time>
      </trkpt>
      <trkpt lat="42.956945" lon="11.150361">
        <ele>79.666464</ele>
        <time>2026-08-17T07:21:05.869Z</time>
      </trkpt>
      <trkpt lat="42.956716" lon="11.150380">
        <ele>79.689717</ele>
        <time>2026-08-17T07:21:10.854Z</time>
      </trkpt>
      <trkpt lat="42.956352" lon="11.150561">
        <ele>79.728977</ele>
        <time>2026-08-17T07:21:18.780Z</time>
      </trkpt>
      <trkpt lat="42.956201" lon="11.150690">
        <ele>79.747026</ele>
        <time>2026-08-17T07:21:22.228Z</time>
      </trkpt>
      <trkpt lat="42.955613" lon="11.151990">
        <ele>79.995225</ele>
        <time>2026-08-17T07:21:42.507Z</time>
      </trkpt>
      <trkpt lat="42.955192" lon="11.153011">
        <ele>80.620312</ele>
        <time>2026-08-17T07:21:59.537Z</time>
      </trkpt>
      <trkpt lat="42.954417" lon="11.154889">
        <ele>82.942367</ele>
        <time>2026-08-17T07:22:42.900Z</time>
      </trkpt>
      <trkpt lat="42.954284" lon="11.155096">
        <ele>83.366665</ele>
        <time>2026-08-17T07:22:49.076Z</time>
      </trkpt>
      <trkpt lat="42.953738" lon="11.155760">
        <ele>84.905080</ele>
        <time>2026-08-17T07:23:11.058Z</time>
      </trkpt>
      <trkpt lat="42.953350" lon="11.156064">
        <ele>85.553461</ele>
        <time>2026-08-17T07:23:23.588Z</time>
      </trkpt>
      <trkpt lat="42.953259" lon="11.156191">
        <ele>85.739235</ele>
        <time>2026-08-17T07:23:27.104Z</time>
      </trkpt>
      <trkpt lat="42.953234" lon="11.156264">
        <ele>85.823479</ele>
        <time>2026-08-17T07:23:28.667Z</time>
      </trkpt>
      <trkpt lat="42.953297" lon="11.156629">
        <ele>86.215465</ele>
        <time>2026-08-17T07:23:36.065Z</time>
      </trkpt>
      <trkpt lat="42.953291" lon="11.156686">
        <ele>86.275659</ele>
        <time>2026-08-17T07:23:37.139Z</time>
      </trkpt>
      <trkpt lat="42.953071" lon="11.157080">
        <ele>86.793657</ele>
        <time>2026-08-17T07:23:46.364Z</time>
      </trkpt>
      <trkpt lat="42.952873" lon="11.157368">
        <ele>87.206674</ele>
        <time>2026-08-17T07:23:53.195Z</time>
      </trkpt>
      <trkpt lat="42.952818" lon="11.157405">
        <ele>87.294226</ele>
        <time>2026-08-17T07:23:54.619Z</time>
      </trkpt>
      <trkpt lat="42.952771" lon="11.157395">
        <ele>87.362157</ele>
        <time>2026-08-17T07:23:55.629Z</time>
      </trkpt>
      <trkpt lat="42.952507" lon="11.157316">
        <ele>87.483776</ele>
        <time>2026-08-17T07:24:01.435Z</time>
      </trkpt>
      <trkpt lat="42.952392" lon="11.157342">
        <ele>87.470198</ele>
        <time>2026-08-17T07:24:03.739Z</time>
      </trkpt>
      <trkpt lat="42.952330" lon="11.157392">
        <ele>87.461812</ele>
        <time>2026-08-17T07:24:05.104Z</time>
      </trkpt>
      <trkpt lat="42.951895" lon="11.157872">
        <ele>87.396682</ele>
        <time>2026-08-17T07:24:15.264Z</time>
      </trkpt>
      <trkpt lat="42.951718" lon="11.158136">
        <ele>87.366159</ele>
        <time>2026-08-17T07:24:19.905Z</time>
      </trkpt>
      <trkpt lat="42.951661" lon="11.158369">
        <ele>87.345214</ele>
        <time>2026-08-17T07:24:23.043Z</time>
      </trkpt>
      <trkpt lat="42.951668" lon="11.158535">
        <ele>87.331038</ele>
        <time>2026-08-17T07:24:25.155Z</time>
      </trkpt>
      <trkpt lat="42.951757" lon="11.158969">
        <ele>87.310612</ele>
        <time>2026-08-17T07:24:30.999Z</time>
      </trkpt>
      <trkpt lat="42.951742" lon="11.159078">
        <ele>87.408155</ele>
        <time>2026-08-17T07:24:32.468Z</time>
      </trkpt>
      <trkpt lat="42.951686" lon="11.159208">
        <ele>87.540818</ele>
        <time>2026-08-17T07:24:34.484Z</time>
      </trkpt>
      <trkpt lat="42.948091" lon="11.164569">
        <ele>94.354607</ele>
        <time>2026-08-17T07:26:49.626Z</time>
      </trkpt>
      <trkpt lat="42.947822" lon="11.164843">
        <ele>94.898401</ele>
        <time>2026-08-17T07:26:58.381Z</time>
      </trkpt>
      <trkpt lat="42.946824" lon="11.165455">
        <ele>96.671295</ele>
        <time>2026-08-17T07:27:27.425Z</time>
      </trkpt>
      <trkpt lat="42.945659" lon="11.166106">
        <ele>99.082110</ele>
        <time>2026-08-17T07:28:01.897Z</time>
      </trkpt>
      <trkpt lat="42.945439" lon="11.166186">
        <ele>99.533802</ele>
        <time>2026-08-17T07:28:08.376Z</time>
      </trkpt>
      <trkpt lat="42.944289" lon="11.166518">
        <ele>102.228904</ele>
        <time>2026-08-17T07:28:42.604Z</time>
      </trkpt>
      <trkpt lat="42.944131" lon="11.166572">
        <ele>102.646643</ele>
        <time>2026-08-17T07:28:47.647Z</time>
      </trkpt>
      <trkpt lat="42.943743" lon="11.166818">
        <ele>103.743772</ele>
        <time>2026-08-17T07:29:01.045Z</time>
      </trkpt>
      <trkpt lat="42.942947" lon="11.167570">
        <ele>106.798305</ele>
        <time>2026-08-17T07:29:31.622Z</time>
      </trkpt>
      <trkpt lat="42.942497" lon="11.168035">
        <ele>109.084512</ele>
        <time>2026-08-17T07:29:51.964Z</time>
      </trkpt>
      <trkpt lat="42.940188" lon="11.170185">
        <ele>120.667490</ele>
        <time>2026-08-17T07:31:47.864Z</time>
      </trkpt>
      <trkpt lat="42.940116" lon="11.170300">
        <ele>120.631367</ele>
        <time>2026-08-17T07:31:51.265Z</time>
      </trkpt>
      <trkpt lat="42.939922" lon="11.171816">
        <ele>120.263983</ele>
        <time>2026-08-17T07:32:11.474Z</time>
      </trkpt>
      <trkpt lat="42.939843" lon="11.172961">
        <ele>119.620623</ele>
        <time>2026-08-17T07:32:23.208Z</time>
      </trkpt>
      <trkpt lat="42.939865" lon="11.173168">
        <ele>119.438400</ele>
        <time>2026-08-17T07:32:25.346Z</time>
      </trkpt>
      <trkpt lat="42.939902" lon="11.173241">
        <ele>119.361049</ele>
        <time>2026-08-17T07:32:26.251Z</time>
      </trkpt>
      <trkpt lat="42.940332" lon="11.174088">
        <ele>118.463100</ele>
        <time>2026-08-17T07:32:38.134Z</time>
      </trkpt>
      <trkpt lat="42.940424" lon="11.174266">
        <ele>118.273278</ele>
        <time>2026-08-17T07:32:41.453Z</time>
      </trkpt>
      <trkpt lat="42.941872" lon="11.176103">
        <ele>123.222382</ele>
        <time>2026-08-17T07:33:52.744Z</time>
      </trkpt>
      <trkpt lat="42.944592" lon="11.179716">
        <ele>125.894199</ele>
        <time>2026-08-17T07:35:15.583Z</time>
      </trkpt>
      <trkpt lat="42.945353" lon="11.180385">
        <ele>126.083858</ele>
        <time>2026-08-17T07:35:30.807Z</time>
      </trkpt>
      <trkpt lat="42.952004" lon="11.185814">
        <ele>134.639968</ele>
        <time>2026-08-17T07:38:42.331Z</time>
      </trkpt>
      <trkpt lat="42.953106" lon="11.186748">
        <ele>136.419307</ele>
        <time>2026-08-17T07:39:11.068Z</time>
      </trkpt>
      <trkpt lat="42.952953" lon="11.187311">
        <ele>137.042864</ele>
        <time>2026-08-17T07:39:28.053Z</time>
      </trkpt>
      <trkpt lat="42.952620" lon="11.187993">
        <ele>139.066670</ele>
        <time>2026-08-17T07:39:54.899Z</time>
      </trkpt>
      <trkpt lat="42.952616" lon="11.188670">
        <ele>141.520865</ele>
        <time>2026-08-17T07:40:20.757Z</time>
      </trkpt>
      <trkpt lat="42.952663" lon="11.189327">
        <ele>143.913828</ele>
        <time>2026-08-17T07:40:48.608Z</time>
      </trkpt>
      <trkpt lat="42.952634" lon="11.190053">
        <ele>146.575403</ele>
        <time>2026-08-17T07:41:21.361Z</time>
      </trkpt>
      <trkpt lat="42.952681" lon="11.190411">
        <ele>148.050712</ele>
        <time>2026-08-17T07:41:37.874Z</time>
      </trkpt>
      <trkpt lat="42.952674" lon="11.190578">
        <ele>148.729213</ele>
        <time>2026-08-17T07:41:45.320Z</time>
      </trkpt>
      <trkpt lat="42.952569" lon="11.191054">
        <ele>150.745766</ele>
        <time>2026-08-17T07:42:06.956Z</time>
      </trkpt>
      <trkpt lat="42.952483" lon="11.191623">
        <ele>153.102466</ele>
        <time>2026-08-17T07:42:30.951Z</time>
      </trkpt>
      <trkpt lat="42.952433" lon="11.192320">
        <ele>155.943219</ele>
        <time>2026-08-17T07:42:58.328Z</time>
      </trkpt>
      <trkpt lat="42.952458" lon="11.192928">
        <ele>157.462961</ele>
        <time>2026-08-17T07:43:21.178Z</time>
      </trkpt>
      <trkpt lat="42.952368" lon="11.194169">
        <ele>160.247113</ele>
        <time>2026-08-17T07:44:05.599Z</time>
      </trkpt>
      <trkpt lat="42.952501" lon="11.195018">
        <ele>161.250277</ele>
        <time>2026-08-17T07:44:31.259Z</time>
      </trkpt>
      <trkpt lat="42.952508" lon="11.195322">
        <ele>160.340082</ele>
        <time>2026-08-17T07:44:37.996Z</time>
      </trkpt>
      <trkpt lat="42.952383" lon="11.195842">
        <ele>158.702159</ele>
        <time>2026-08-17T07:44:48.563Z</time>
      </trkpt>
      <trkpt lat="42.952322" lon="11.196323">
        <ele>157.241276</ele>
        <time>2026-08-17T07:44:57.121Z</time>
      </trkpt>
      <trkpt lat="42.952307" lon="11.196838">
        <ele>155.698872</ele>
        <time>2026-08-17T07:45:05.703Z</time>
      </trkpt>
      <trkpt lat="42.952401" lon="11.197682">
        <ele>152.623893</ele>
        <time>2026-08-17T07:45:19.603Z</time>
      </trkpt>
      <trkpt lat="42.952354" lon="11.198035">
        <ele>151.116469</ele>
        <time>2026-08-17T07:45:25.443Z</time>
      </trkpt>
      <trkpt lat="42.952253" lon="11.198379">
        <ele>149.559248</ele>
        <time>2026-08-17T07:45:31.560Z</time>
      </trkpt>
      <trkpt lat="42.952113" lon="11.199272">
        <ele>145.722308</ele>
        <time>2026-08-17T07:45:47.312Z</time>
      </trkpt>
      <trkpt lat="42.951991" lon="11.200435">
        <ele>145.293464</ele>
        <time>2026-08-17T07:46:11.236Z</time>
      </trkpt>
      <trkpt lat="42.951895" lon="11.200707">
        <ele>145.746624</ele>
        <time>2026-08-17T07:46:19.451Z</time>
      </trkpt>
      <trkpt lat="42.951808" lon="11.200837">
        <ele>146.010967</ele>
        <time>2026-08-17T07:46:24.840Z</time>
      </trkpt>
      <trkpt lat="42.951654" lon="11.200930">
        <ele>146.356182</ele>
        <time>2026-08-17T07:46:32.461Z</time>
      </trkpt>
      <trkpt lat="42.951129" lon="11.200984">
        <ele>147.435637</ele>
        <time>2026-08-17T07:47:00.340Z</time>
      </trkpt>
      <trkpt lat="42.950752" lon="11.201141">
        <ele>149.491130</ele>
        <time>2026-08-17T07:47:25.072Z</time>
      </trkpt>
      <trkpt lat="42.949984" lon="11.201538">
        <ele>155.854988</ele>
        <time>2026-08-17T07:48:21.401Z</time>
      </trkpt>
      <trkpt lat="42.949758" lon="11.201509">
        <ele>157.614215</ele>
        <time>2026-08-17T07:48:37.330Z</time>
      </trkpt>
      <trkpt lat="42.949415" lon="11.201394">
        <ele>160.351369</ele>
        <time>2026-08-17T07:49:01.887Z</time>
      </trkpt>
      <trkpt lat="42.948962" lon="11.201315">
        <ele>163.808785</ele>
        <time>2026-08-17T07:49:33.050Z</time>
      </trkpt>
      <trkpt lat="42.948682" lon="11.201365">
        <ele>165.914176</ele>
        <time>2026-08-17T07:49:52.132Z</time>
      </trkpt>
      <trkpt lat="42.948380" lon="11.201325">
        <ele>168.176395</ele>
        <time>2026-08-17T07:50:12.405Z</time>
      </trkpt>
      <trkpt lat="42.947942" lon="11.201222">
        <ele>171.490076</ele>
        <time>2026-08-17T07:50:41.624Z</time>
      </trkpt>
      <trkpt lat="42.947526" lon="11.201335">
        <ele>174.652417</ele>
        <time>2026-08-17T07:51:08.540Z</time>
      </trkpt>
      <trkpt lat="42.947105" lon="11.201576">
        <ele>177.075020</ele>
        <time>2026-08-17T07:51:36.359Z</time>
      </trkpt>
      <trkpt lat="42.946409" lon="11.202194">
        <ele>181.178755</ele>
        <time>2026-08-17T07:52:22.356Z</time>
      </trkpt>
      <trkpt lat="42.946118" lon="11.202527">
        <ele>183.055392</ele>
        <time>2026-08-17T07:52:41.020Z</time>
      </trkpt>
      <trkpt lat="42.945938" lon="11.202508">
        <ele>183.947912</ele>
        <time>2026-08-17T07:52:49.504Z</time>
      </trkpt>
      <trkpt lat="42.945741" lon="11.202341">
        <ele>184.309252</ele>
        <time>2026-08-17T07:53:00.109Z</time>
      </trkpt>
      <trkpt lat="42.945461" lon="11.202061">
        <ele>184.751091</ele>
        <time>2026-08-17T07:53:14.568Z</time>
      </trkpt>
      <trkpt lat="42.945055" lon="11.201419">
        <ele>185.541865</ele>
        <time>2026-08-17T07:53:37.228Z</time>
      </trkpt>
      <trkpt lat="42.944930" lon="11.201380">
        <ele>185.705127</ele>
        <time>2026-08-17T07:53:41.614Z</time>
      </trkpt>
      <trkpt lat="42.944930" lon="11.202410">
        <ele>185.903336</ele>
        <time>2026-08-17T07:54:05.445Z</time>
      </trkpt>
      <trkpt lat="42.944980" lon="11.202600">
        <ele>185.667294</ele>
        <time>2026-08-17T07:54:09.798Z</time>
      </trkpt>
      <trkpt lat="42.945000" lon="11.202810">
        <ele>185.419719</ele>
        <time>2026-08-17T07:54:14.239Z</time>
      </trkpt>
      <trkpt lat="42.944980" lon="11.203160">
        <ele>185.009299</ele>
        <time>2026-08-17T07:54:21.392Z</time>
      </trkpt>
      <trkpt lat="42.945510" lon="11.203480">
        <ele>184.083864</ele>
        <time>2026-08-17T07:54:37.119Z</time>
      </trkpt>
      <trkpt lat="42.945660" lon="11.203540">
        <ele>183.834244</ele>
        <time>2026-08-17T07:54:41.280Z</time>
      </trkpt>
      <trkpt lat="42.946180" lon="11.203870">
        <ele>183.369597</ele>
        <time>2026-08-17T07:54:56.616Z</time>
      </trkpt>
      <trkpt lat="42.946650" lon="11.204120">
        <ele>183.241811</ele>
        <time>2026-08-17T07:55:10.394Z</time>
      </trkpt>
      <trkpt lat="42.947470" lon="11.204680">
        <ele>183.009545</ele>
        <time>2026-08-17T07:55:42.208Z</time>
      </trkpt>
      <trkpt lat="42.947600" lon="11.204790">
        <ele>183.292986</ele>
        <time>2026-08-17T07:55:49.200Z</time>
      </trkpt>
      <trkpt lat="42.947700" lon="11.204920">
        <ele>183.658416</ele>
        <time>2026-08-17T07:55:55.874Z</time>
      </trkpt>
      <trkpt lat="42.947900" lon="11.205220">
        <ele>184.444712</ele>
        <time>2026-08-17T07:56:10.900Z</time>
      </trkpt>
      <trkpt lat="42.947980" lon="11.205390">
        <ele>184.836333</ele>
        <time>2026-08-17T07:56:18.693Z</time>
      </trkpt>
      <trkpt lat="42.948066" lon="11.205489">
        <ele>185.134046</ele>
        <time>2026-08-17T07:56:24.612Z</time>
      </trkpt>
      <trkpt lat="42.948820" lon="11.206270">
        <ele>187.638942</ele>
        <time>2026-08-17T07:57:08.193Z</time>
      </trkpt>
      <trkpt lat="42.949010" lon="11.206570">
        <ele>187.430669</ele>
        <time>2026-08-17T07:57:17.389Z</time>
      </trkpt>
      <trkpt lat="42.949160" lon="11.206930">
        <ele>187.021637</ele>
        <time>2026-08-17T07:57:25.978Z</time>
      </trkpt>
      <trkpt lat="42.949290" lon="11.207080">
        <ele>186.792087</ele>
        <time>2026-08-17T07:57:30.581Z</time>
      </trkpt>
      <trkpt lat="42.949420" lon="11.207150">
        <ele>186.603585</ele>
        <time>2026-08-17T07:57:34.284Z</time>
      </trkpt>
      <trkpt lat="42.949720" lon="11.207210">
        <ele>186.194567</ele>
        <time>2026-08-17T07:57:42.109Z</time>
      </trkpt>
      <trkpt lat="42.950190" lon="11.207390">
        <ele>185.536089</ele>
        <time>2026-08-17T07:57:54.899Z</time>
      </trkpt>
      <trkpt lat="42.950810" lon="11.207540">
        <ele>186.005826</ele>
        <time>2026-08-17T07:58:13.193Z</time>
      </trkpt>
      <trkpt lat="42.952440" lon="11.207430">
        <ele>188.913958</ele>
        <time>2026-08-17T07:59:23.591Z</time>
      </trkpt>
      <trkpt lat="42.952660" lon="11.207510">
        <ele>189.685907</ele>
        <time>2026-08-17T07:59:34.978Z</time>
      </trkpt>
      <trkpt lat="42.953130" lon="11.207750">
        <ele>191.387259</ele>
        <time>2026-08-17T08:00:00.015Z</time>
      </trkpt>
      <trkpt lat="42.953390" lon="11.208240">
        <ele>192.889277</ele>
        <time>2026-08-17T08:00:21.851Z</time>
      </trkpt>
      <trkpt lat="42.953650" lon="11.208970">
        <ele>194.933565</ele>
        <time>2026-08-17T08:00:49.089Z</time>
      </trkpt>
      <trkpt lat="42.953770" lon="11.209530">
        <ele>196.426468</ele>
        <time>2026-08-17T08:01:07.183Z</time>
      </trkpt>
      <trkpt lat="42.953840" lon="11.209720">
        <ele>196.970696</ele>
        <time>2026-08-17T08:01:13.968Z</time>
      </trkpt>
      <trkpt lat="42.954050" lon="11.210710">
        <ele>199.607832</ele>
        <time>2026-08-17T08:01:50.374Z</time>
      </trkpt>
      <trkpt lat="42.954180" lon="11.211100">
        <ele>200.751417</ele>
        <time>2026-08-17T08:02:07.106Z</time>
      </trkpt>
      <trkpt lat="42.954500" lon="11.211570">
        <ele>202.559952</ele>
        <time>2026-08-17T08:02:32.673Z</time>
      </trkpt>
      <trkpt lat="42.954870" lon="11.211980">
        <ele>204.393774</ele>
        <time>2026-08-17T08:02:58.405Z</time>
      </trkpt>
      <trkpt lat="42.954980" lon="11.212150">
        <ele>205.033064</ele>
        <time>2026-08-17T08:03:06.956Z</time>
      </trkpt>
      <trkpt lat="42.955080" lon="11.212320">
        <ele>205.647535</ele>
        <time>2026-08-17T08:03:14.821Z</time>
      </trkpt>
      <trkpt lat="42.955170" lon="11.212730">
        <ele>206.853483</ele>
        <time>2026-08-17T08:03:28.780Z</time>
      </trkpt>
      <trkpt lat="42.955150" lon="11.213160">
        <ele>206.843381</ele>
        <time>2026-08-17T08:03:40.864Z</time>
      </trkpt>
      <trkpt lat="42.955110" lon="11.213350">
        <ele>206.647436</ele>
        <time>2026-08-17T08:03:45.798Z</time>
      </trkpt>
      <trkpt lat="42.954980" lon="11.213760">
        <ele>206.204588</ele>
        <time>2026-08-17T08:03:55.892Z</time>
      </trkpt>
      <trkpt lat="42.954480" lon="11.214980">
        <ele>204.818764</ele>
        <time>2026-08-17T08:04:23.264Z</time>
      </trkpt>
      <trkpt lat="42.954380" lon="11.215350">
        <ele>203.269524</ele>
        <time>2026-08-17T08:04:30.379Z</time>
      </trkpt>
      <trkpt lat="42.954400" lon="11.216160">
        <ele>199.348040</ele>
        <time>2026-08-17T08:04:44.534Z</time>
      </trkpt>
      <trkpt lat="42.954380" lon="11.216350">
        <ele>198.419250</ele>
        <time>2026-08-17T08:04:47.777Z</time>
      </trkpt>
      <trkpt lat="42.954380" lon="11.216960">
        <ele>195.467713</ele>
        <time>2026-08-17T08:04:57.805Z</time>
      </trkpt>
      <trkpt lat="42.954350" lon="11.217170">
        <ele>194.432435</ele>
        <time>2026-08-17T08:05:01.251Z</time>
      </trkpt>
      <trkpt lat="42.954380" lon="11.217340">
        <ele>193.586303</ele>
        <time>2026-08-17T08:05:04.042Z</time>
      </trkpt>
      <trkpt lat="42.954350" lon="11.217560">
        <ele>192.292646</ele>
        <time>2026-08-17T08:05:07.586Z</time>
      </trkpt>
      <trkpt lat="42.954350" lon="11.217750">
        <ele>190.789221</ele>
        <time>2026-08-17T08:05:10.573Z</time>
      </trkpt>
      <trkpt lat="42.954270" lon="11.218140">
        <ele>187.584328</ele>
        <time>2026-08-17T08:05:16.882Z</time>
      </trkpt>
      <trkpt lat="42.954200" lon="11.218310">
        <ele>186.040883</ele>
        <time>2026-08-17T08:05:19.899Z</time>
      </trkpt>
      <trkpt lat="42.954120" lon="11.218690">
        <ele>182.912103</ele>
        <time>2026-08-17T08:05:25.976Z</time>
      </trkpt>
      <trkpt lat="42.953990" lon="11.219080">
        <ele>179.521129</ele>
        <time>2026-08-17T08:05:32.529Z</time>
      </trkpt>
      <trkpt lat="42.953930" lon="11.219420">
        <ele>176.753674</ele>
        <time>2026-08-17T08:05:37.871Z</time>
      </trkpt>
      <trkpt lat="42.953800" lon="11.219770">
        <ele>173.647967</ele>
        <time>2026-08-17T08:05:43.905Z</time>
      </trkpt>
      <trkpt lat="42.953150" lon="11.220350">
        <ele>166.927160</ele>
        <time>2026-08-17T08:06:00.621Z</time>
      </trkpt>
      <trkpt lat="42.952870" lon="11.220650">
        <ele>163.871097</ele>
        <time>2026-08-17T08:06:08.540Z</time>
      </trkpt>
      <trkpt lat="42.952680" lon="11.220950">
        <ele>161.377243</ele>
        <time>2026-08-17T08:06:15.083Z</time>
      </trkpt>
      <trkpt lat="42.952590" lon="11.221120">
        <ele>160.058342</ele>
        <time>2026-08-17T08:06:18.570Z</time>
      </trkpt>
      <trkpt lat="42.952340" lon="11.221910">
        <ele>155.386367</ele>
        <time>2026-08-17T08:06:33.032Z</time>
      </trkpt>
      <trkpt lat="42.952270" lon="11.222530">
        <ele>152.326887</ele>
        <time>2026-08-17T08:06:43.581Z</time>
      </trkpt>
      <trkpt lat="42.952290" lon="11.222920">
        <ele>150.420207</ele>
        <time>2026-08-17T08:06:50.117Z</time>
      </trkpt>
      <trkpt lat="42.952270" lon="11.223110">
        <ele>149.484050</ele>
        <time>2026-08-17T08:06:53.318Z</time>
      </trkpt>
      <trkpt lat="42.952360" lon="11.223910">
        <ele>145.711848</ele>
        <time>2026-08-17T08:07:06.859Z</time>
      </trkpt>
      <trkpt lat="42.952510" lon="11.224660">
        <ele>143.500327</ele>
        <time>2026-08-17T08:07:20.338Z</time>
      </trkpt>
      <trkpt lat="42.952700" lon="11.225300">
        <ele>141.535857</ele>
        <time>2026-08-17T08:07:33.121Z</time>
      </trkpt>
      <trkpt lat="42.952960" lon="11.225900">
        <ele>139.552536</ele>
        <time>2026-08-17T08:07:46.971Z</time>
      </trkpt>
      <trkpt lat="42.953000" lon="11.226100">
        <ele>138.963859</ele>
        <time>2026-08-17T08:07:51.267Z</time>
      </trkpt>
      <trkpt lat="42.953070" lon="11.226290">
        <ele>138.509142</ele>
        <time>2026-08-17T08:07:55.667Z</time>
      </trkpt>
      <trkpt lat="42.953240" lon="11.226610">
        <ele>137.663877</ele>
        <time>2026-08-17T08:08:03.803Z</time>
      </trkpt>
      <trkpt lat="42.953650" lon="11.227250">
        <ele>135.845712</ele>
        <time>2026-08-17T08:08:20.589Z</time>
      </trkpt>
      <trkpt lat="42.953930" lon="11.227750">
        <ele>134.499903</ele>
        <time>2026-08-17T08:08:32.221Z</time>
      </trkpt>
      <trkpt lat="42.954010" lon="11.227940">
        <ele>134.031333</ele>
        <time>2026-08-17T08:08:36.165Z</time>
      </trkpt>
      <trkpt lat="42.954080" lon="11.228350">
        <ele>132.689150</ele>
        <time>2026-08-17T08:08:43.685Z</time>
      </trkpt>
      <trkpt lat="42.954120" lon="11.228740">
        <ele>131.208114</ele>
        <time>2026-08-17T08:08:50.621Z</time>
      </trkpt>
      <trkpt lat="42.954120" lon="11.229160">
        <ele>129.628586</ele>
        <time>2026-08-17T08:08:58.012Z</time>
      </trkpt>
      <trkpt lat="42.954180" lon="11.229590">
        <ele>127.982325</ele>
        <time>2026-08-17T08:09:05.736Z</time>
      </trkpt>
      <trkpt lat="42.954250" lon="11.229770">
        <ele>127.215760</ele>
        <time>2026-08-17T08:09:09.318Z</time>
      </trkpt>
      <trkpt lat="42.954480" lon="11.230920">
        <ele>122.035580</ele>
        <time>2026-08-17T08:09:29.930Z</time>
      </trkpt>
      <trkpt lat="42.954550" lon="11.231980">
        <ele>116.429640</ele>
        <time>2026-08-17T08:09:47.673Z</time>
      </trkpt>
      <trkpt lat="42.954720" lon="11.232940">
        <ele>111.187932</ele>
        <time>2026-08-17T08:10:03.701Z</time>
      </trkpt>
      <trkpt lat="42.954800" lon="11.233740">
        <ele>106.378426</ele>
        <time>2026-08-17T08:10:16.634Z</time>
      </trkpt>
      <trkpt lat="42.955000" lon="11.234720">
        <ele>100.318341</ele>
        <time>2026-08-17T08:10:32.991Z</time>
      </trkpt>
      <trkpt lat="42.954980" lon="11.234920">
        <ele>99.115969</ele>
        <time>2026-08-17T08:10:36.287Z</time>
      </trkpt>
      <trkpt lat="42.954760" lon="11.235410">
        <ele>96.336746</ele>
        <time>2026-08-17T08:10:45.820Z</time>
      </trkpt>
      <trkpt lat="42.954650" lon="11.235800">
        <ele>95.188292</ele>
        <time>2026-08-17T08:10:52.966Z</time>
      </trkpt>
      <trkpt lat="42.954480" lon="11.236630">
        <ele>92.820010</ele>
        <time>2026-08-17T08:11:08.695Z</time>
      </trkpt>
      <trkpt lat="42.954400" lon="11.237210">
        <ele>91.198239</ele>
        <time>2026-08-17T08:11:20.611Z</time>
      </trkpt>
      <trkpt lat="42.954270" lon="11.237770">
        <ele>89.998190</ele>
        <time>2026-08-17T08:11:33.461Z</time>
      </trkpt>
      <trkpt lat="42.954120" lon="11.238130">
        <ele>89.713630</ele>
        <time>2026-08-17T08:11:42.517Z</time>
      </trkpt>
      <trkpt lat="42.953880" lon="11.238610">
        <ele>89.314307</ele>
        <time>2026-08-17T08:11:55.068Z</time>
      </trkpt>
      <trkpt lat="42.953750" lon="11.238730">
        <ele>89.167059</ele>
        <time>2026-08-17T08:11:59.635Z</time>
      </trkpt>
      <trkpt lat="42.953670" lon="11.238910">
        <ele>89.022399</ele>
        <time>2026-08-17T08:12:04.131Z</time>
      </trkpt>
      <trkpt lat="42.953710" lon="11.239080">
        <ele>88.899734</ele>
        <time>2026-08-17T08:12:07.935Z</time>
      </trkpt>
      <trkpt lat="42.953840" lon="11.239210">
        <ele>88.748533</ele>
        <time>2026-08-17T08:12:12.647Z</time>
      </trkpt>
      <trkpt lat="42.954010" lon="11.239510">
        <ele>88.487906</ele>
        <time>2026-08-17T08:12:20.734Z</time>
      </trkpt>
      <trkpt lat="42.954255" lon="11.239772">
        <ele>88.418898</ele>
        <time>2026-08-17T08:12:29.729Z</time>
      </trkpt>
      <trkpt lat="42.952704" lon="11.242318">
        <ele>88.588096</ele>
        <time>2026-08-17T08:13:13.109Z</time>
      </trkpt>
      <trkpt lat="42.952555" lon="11.242530">
        <ele>88.668819</ele>
        <time>2026-08-17T08:13:17.849Z</time>
      </trkpt>
      <trkpt lat="42.951766" lon="11.243227">
        <ele>88.711517</ele>
        <time>2026-08-17T08:13:36.813Z</time>
      </trkpt>
      <trkpt lat="42.950441" lon="11.244316">
        <ele>87.379868</ele>
        <time>2026-08-17T08:13:59.608Z</time>
      </trkpt>
      <trkpt lat="42.950259" lon="11.244482">
        <ele>87.021313</ele>
        <time>2026-08-17T08:14:02.545Z</time>
      </trkpt>
      <trkpt lat="42.950180" lon="11.244590">
        <ele>86.837492</ele>
        <time>2026-08-17T08:14:04.052Z</time>
      </trkpt>
      <trkpt lat="42.950034" lon="11.244878">
        <ele>86.415724</ele>
        <time>2026-08-17T08:14:07.491Z</time>
      </trkpt>
      <trkpt lat="42.949895" lon="11.245303">
        <ele>85.855303</ele>
        <time>2026-08-17T08:14:12.055Z</time>
      </trkpt>
      <trkpt lat="42.949377" lon="11.246885">
        <ele>84.082544</ele>
        <time>2026-08-17T08:14:30.157Z</time>
      </trkpt>
      <trkpt lat="42.948742" lon="11.248759">
        <ele>82.808802</ele>
        <time>2026-08-17T08:14:53.624Z</time>
      </trkpt>
      <trkpt lat="42.948488" lon="11.249458">
        <ele>82.398155</ele>
        <time>2026-08-17T08:15:02.206Z</time>
      </trkpt>
      <trkpt lat="42.948246" lon="11.249925">
        <ele>82.097067</ele>
        <time>2026-08-17T08:15:08.496Z</time>
      </trkpt>
      <trkpt lat="42.946717" lon="11.252575">
        <ele>80.892617</ele>
        <time>2026-08-17T08:15:47.828Z</time>
      </trkpt>
      <trkpt lat="42.946552" lon="11.252918">
        <ele>81.176283</ele>
        <time>2026-08-17T08:15:52.736Z</time>
      </trkpt>
      <trkpt lat="42.946214" lon="11.253777">
        <ele>81.950878</ele>
        <time>2026-08-17T08:16:05.907Z</time>
      </trkpt>
      <trkpt lat="42.945438" lon="11.255161">
        <ele>83.890426</ele>
        <time>2026-08-17T08:16:40.885Z</time>
      </trkpt>
      <trkpt lat="42.945258" lon="11.255605">
        <ele>84.738579</ele>
        <time>2026-08-17T08:16:52.053Z</time>
      </trkpt>
      <trkpt lat="42.944938" lon="11.256496">
        <ele>86.397077</ele>
        <time>2026-08-17T08:17:11.935Z</time>
      </trkpt>
      <trkpt lat="42.944743" lon="11.256899">
        <ele>87.160917</ele>
        <time>2026-08-17T08:17:20.989Z</time>
      </trkpt>
      <trkpt lat="42.944588" lon="11.257135">
        <ele>87.604007</ele>
        <time>2026-08-17T08:17:26.384Z</time>
      </trkpt>
      <trkpt lat="42.944191" lon="11.257522">
        <ele>88.535081</ele>
        <time>2026-08-17T08:17:38.527Z</time>
      </trkpt>
      <trkpt lat="42.943604" lon="11.258009">
        <ele>89.846178</ele>
        <time>2026-08-17T08:17:57.405Z</time>
      </trkpt>
      <trkpt lat="42.942350" lon="11.258901">
        <ele>90.521967</ele>
        <time>2026-08-17T08:18:31.907Z</time>
      </trkpt>
      <trkpt lat="42.942230" lon="11.258996">
        <ele>90.540150</ele>
        <time>2026-08-17T08:18:34.104Z</time>
      </trkpt>
      <trkpt lat="42.940973" lon="11.259996">
        <ele>87.408703</ele>
        <time>2026-08-17T08:18:52.807Z</time>
      </trkpt>
      <trkpt lat="42.940421" lon="11.260442">
        <ele>85.208349</ele>
        <time>2026-08-17T08:19:00.433Z</time>
      </trkpt>
      <trkpt lat="42.940147" lon="11.260752">
        <ele>84.078784</ele>
        <time>2026-08-17T08:19:04.719Z</time>
      </trkpt>
      <trkpt lat="42.939872" lon="11.261316">
        <ele>82.721336</ele>
        <time>2026-08-17T08:19:10.821Z</time>
      </trkpt>
      <trkpt lat="42.939387" lon="11.262483">
        <ele>80.033183</ele>
        <time>2026-08-17T08:19:23.826Z</time>
      </trkpt>
      <trkpt lat="42.939288" lon="11.262637">
        <ele>79.622632</ele>
        <time>2026-08-17T08:19:26.012Z</time>
      </trkpt>
      <trkpt lat="42.939127" lon="11.262797">
        <ele>79.208545</ele>
        <time>2026-08-17T08:19:28.961Z</time>
      </trkpt>
      <trkpt lat="42.938021" lon="11.263635">
        <ele>76.780408</ele>
        <time>2026-08-17T08:19:46.930Z</time>
      </trkpt>
      <trkpt lat="42.937691" lon="11.263885">
        <ele>76.050738</ele>
        <time>2026-08-17T08:19:51.779Z</time>
      </trkpt>
      <trkpt lat="42.937449" lon="11.264092">
        <ele>75.085860</ele>
        <time>2026-08-17T08:19:55.325Z</time>
      </trkpt>
      <trkpt lat="42.937313" lon="11.264308">
        <ele>74.381053</ele>
        <time>2026-08-17T08:19:57.884Z</time>
      </trkpt>
      <trkpt lat="42.937024" lon="11.265408">
        <ele>71.489810</ele>
        <time>2026-08-17T08:20:08.377Z</time>
      </trkpt>
      <trkpt lat="42.936751" lon="11.266454">
        <ele>69.024536</ele>
        <time>2026-08-17T08:20:18.545Z</time>
      </trkpt>
      <trkpt lat="42.936661" lon="11.266657">
        <ele>68.570690</ele>
        <time>2026-08-17T08:20:20.757Z</time>
      </trkpt>
      <trkpt lat="42.936437" lon="11.266913">
        <ele>67.807773</ele>
        <time>2026-08-17T08:20:24.581Z</time>
      </trkpt>
      <trkpt lat="42.936254" lon="11.266986">
        <ele>67.309783</ele>
        <time>2026-08-17T08:20:27.075Z</time>
      </trkpt>
      <trkpt lat="42.936143" lon="11.266960">
        <ele>67.015602</ele>
        <time>2026-08-17T08:20:28.548Z</time>
      </trkpt>
      <trkpt lat="42.936028" lon="11.266840">
        <ele>66.637578</ele>
        <time>2026-08-17T08:20:30.433Z</time>
      </trkpt>
      <trkpt lat="42.935960" lon="11.266694">
        <ele>66.306657</ele>
        <time>2026-08-17T08:20:32.094Z</time>
      </trkpt>
      <trkpt lat="42.935906" lon="11.266645">
        <ele>66.137312</ele>
        <time>2026-08-17T08:20:32.936Z</time>
      </trkpt>
      <trkpt lat="42.935780" lon="11.266616">
        <ele>65.803542</ele>
        <time>2026-08-17T08:20:34.612Z</time>
      </trkpt>
      <trkpt lat="42.935664" lon="11.266681">
        <ele>65.476027</ele>
        <time>2026-08-17T08:20:36.300Z</time>
      </trkpt>
      <trkpt lat="42.935614" lon="11.266754">
        <ele>65.286109</ele>
        <time>2026-08-17T08:20:37.308Z</time>
      </trkpt>
      <trkpt lat="42.935527" lon="11.266842">
        <ele>65.221697</ele>
        <time>2026-08-17T08:20:38.798Z</time>
      </trkpt>
      <trkpt lat="42.935321" lon="11.266890">
        <ele>65.097359</ele>
        <time>2026-08-17T08:20:41.724Z</time>
      </trkpt>
      <trkpt lat="42.935203" lon="11.266953">
        <ele>65.021978</ele>
        <time>2026-08-17T08:20:43.550Z</time>
      </trkpt>
      <trkpt lat="42.934734" lon="11.267326">
        <ele>64.699071</ele>
        <time>2026-08-17T08:20:51.923Z</time>
      </trkpt>
      <trkpt lat="42.934213" lon="11.267738">
        <ele>64.340877</ele>
        <time>2026-08-17T08:21:01.968Z</time>
      </trkpt>
      <trkpt lat="42.933884" lon="11.268027">
        <ele>64.373182</ele>
        <time>2026-08-17T08:21:09.877Z</time>
      </trkpt>
      <trkpt lat="42.933786" lon="11.268138">
        <ele>64.483035</ele>
        <time>2026-08-17T08:21:12.629Z</time>
      </trkpt>
      <trkpt lat="42.933699" lon="11.268314">
        <ele>64.617190</ele>
        <time>2026-08-17T08:21:16.027Z</time>
      </trkpt>
      <trkpt lat="42.933654" lon="11.268456">
        <ele>64.714940</ele>
        <time>2026-08-17T08:21:18.491Z</time>
      </trkpt>
      <trkpt lat="42.933640" lon="11.268621">
        <ele>64.819874</ele>
        <time>2026-08-17T08:21:21.155Z</time>
      </trkpt>
      <trkpt lat="42.933703" lon="11.269121">
        <ele>65.140387</ele>
        <time>2026-08-17T08:21:29.385Z</time>
      </trkpt>
      <trkpt lat="42.933473" lon="11.269313">
        <ele>65.372977</ele>
        <time>2026-08-17T08:21:35.354Z</time>
      </trkpt>
      <trkpt lat="42.933417" lon="11.269362">
        <ele>65.430362</ele>
        <time>2026-08-17T08:21:36.823Z</time>
      </trkpt>
      <trkpt lat="42.932729" lon="11.269901">
        <ele>65.720663</ele>
        <time>2026-08-17T08:21:53.695Z</time>
      </trkpt>
      <trkpt lat="42.932638" lon="11.269859">
        <ele>65.709268</ele>
        <time>2026-08-17T08:21:55.422Z</time>
      </trkpt>
      <trkpt lat="42.932236" lon="11.270230">
        <ele>65.651715</ele>
        <time>2026-08-17T08:22:04.754Z</time>
      </trkpt>
      <trkpt lat="42.932150" lon="11.270298">
        <ele>65.639927</ele>
        <time>2026-08-17T08:22:06.627Z</time>
      </trkpt>
      <trkpt lat="42.932025" lon="11.270210">
        <ele>65.623245</ele>
        <time>2026-08-17T08:22:09.259Z</time>
      </trkpt>
      <trkpt lat="42.931930" lon="11.270202">
        <ele>65.611954</ele>
        <time>2026-08-17T08:22:11.012Z</time>
      </trkpt>
      <trkpt lat="42.931691" lon="11.270349">
        <ele>65.580861</ele>
        <time>2026-08-17T08:22:15.846Z</time>
      </trkpt>
      <trkpt lat="42.931897" lon="11.270797">
        <ele>65.314124</ele>
        <time>2026-08-17T08:22:22.798Z</time>
      </trkpt>
      <trkpt lat="42.932322" lon="11.271723">
        <ele>64.172039</ele>
        <time>2026-08-17T08:22:36.601Z</time>
      </trkpt>
      <trkpt lat="42.932463" lon="11.272039">
        <ele>63.785327</ele>
        <time>2026-08-17T08:22:41.134Z</time>
      </trkpt>
      <trkpt lat="42.932748" lon="11.272678">
        <ele>63.003430</ele>
        <time>2026-08-17T08:22:49.887Z</time>
      </trkpt>
      <trkpt lat="42.932766" lon="11.272718">
        <ele>62.928822</ele>
        <time>2026-08-17T08:22:50.436Z</time>
      </trkpt>
      <trkpt lat="42.932812" lon="11.272822">
        <ele>62.704672</ele>
        <time>2026-08-17T08:22:51.867Z</time>
      </trkpt>
      <trkpt lat="42.932915" lon="11.273062">
        <ele>62.191466</ele>
        <time>2026-08-17T08:22:55.167Z</time>
      </trkpt>
      <trkpt lat="42.933240" lon="11.273885">
        <ele>60.466450</ele>
        <time>2026-08-17T08:23:04.264Z</time>
      </trkpt>
      <trkpt lat="42.933335" lon="11.274133">
        <ele>59.950110</ele>
        <time>2026-08-17T08:23:06.971Z</time>
      </trkpt>
      <trkpt lat="42.933386" lon="11.274244">
        <ele>59.708359</ele>
        <time>2026-08-17T08:23:08.206Z</time>
      </trkpt>
      <trkpt lat="42.933669" lon="11.274943">
        <ele>58.314149</ele>
        <time>2026-08-17T08:23:15.519Z</time>
      </trkpt>
      <trkpt lat="42.933734" lon="11.275028">
        <ele>58.168811</ele>
        <time>2026-08-17T08:23:16.675Z</time>
      </trkpt>
      <trkpt lat="42.933901" lon="11.275158">
        <ele>57.858361</ele>
        <time>2026-08-17T08:23:19.188Z</time>
      </trkpt>
      <trkpt lat="42.933910" lon="11.275232">
        <ele>57.769659</ele>
        <time>2026-08-17T08:23:20.007Z</time>
      </trkpt>
      <trkpt lat="42.933965" lon="11.275304">
        <ele>57.646618</ele>
        <time>2026-08-17T08:23:21.109Z</time>
      </trkpt>
      <trkpt lat="42.933963" lon="11.275371">
        <ele>57.567326</ele>
        <time>2026-08-17T08:23:21.813Z</time>
      </trkpt>
      <trkpt lat="42.933813" lon="11.275724">
        <ele>57.084704</ele>
        <time>2026-08-17T08:23:31.163Z</time>
      </trkpt>
      <trkpt lat="42.933759" lon="11.275840">
        <ele>56.922158</ele>
        <time>2026-08-17T08:23:32.662Z</time>
      </trkpt>
      <trkpt lat="42.933754" lon="11.275910">
        <ele>56.838992</ele>
        <time>2026-08-17T08:23:33.412Z</time>
      </trkpt>
      <trkpt lat="42.934060" lon="11.276326">
        <ele>56.141694</ele>
        <time>2026-08-17T08:23:40.203Z</time>
      </trkpt>
      <trkpt lat="42.934410" lon="11.277191">
        <ele>56.320946</ele>
        <time>2026-08-17T08:23:55.678Z</time>
      </trkpt>
      <trkpt lat="42.934847" lon="11.278067">
        <ele>57.991887</ele>
        <time>2026-08-17T08:24:19.741Z</time>
      </trkpt>
      <trkpt lat="42.934927" lon="11.278490">
        <ele>58.680557</ele>
        <time>2026-08-17T08:24:30.025Z</time>
      </trkpt>
      <trkpt lat="42.935100" lon="11.278654">
        <ele>59.133957</ele>
        <time>2026-08-17T08:24:37.047Z</time>
      </trkpt>
      <trkpt lat="42.935314" lon="11.278981">
        <ele>59.764583</ele>
        <time>2026-08-17T08:24:47.385Z</time>
      </trkpt>
      <trkpt lat="42.935345" lon="11.279043">
        <ele>59.865047</ele>
        <time>2026-08-17T08:24:49.047Z</time>
      </trkpt>
      <trkpt lat="42.935691" lon="11.279420">
        <ele>60.673996</ele>
        <time>2026-08-17T08:25:02.346Z</time>
      </trkpt>
      <trkpt lat="42.935744" lon="11.279577">
        <ele>60.905335</ele>
        <time>2026-08-17T08:25:05.861Z</time>
      </trkpt>
      <trkpt lat="42.935801" lon="11.279962">
        <ele>61.430930</ele>
        <time>2026-08-17T08:25:13.223Z</time>
      </trkpt>
      <trkpt lat="42.935794" lon="11.280397">
        <ele>62.013143</ele>
        <time>2026-08-17T08:25:21.093Z</time>
      </trkpt>
      <trkpt lat="42.935938" lon="11.281371">
        <ele>63.078441</ele>
        <time>2026-08-17T08:25:38.134Z</time>
      </trkpt>
      <trkpt lat="42.935961" lon="11.281495">
        <ele>63.178021</ele>
        <time>2026-08-17T08:25:40.129Z</time>
      </trkpt>
      <trkpt lat="42.935984" lon="11.281618">
        <ele>63.276846</ele>
        <time>2026-08-17T08:25:42.078Z</time>
      </trkpt>
      <trkpt lat="42.936189" lon="11.282307">
        <ele>63.855811</ele>
        <time>2026-08-17T08:25:53.354Z</time>
      </trkpt>
      <trkpt lat="42.936289" lon="11.282499">
        <ele>64.039240</ele>
        <time>2026-08-17T08:25:57.292Z</time>
      </trkpt>
      <trkpt lat="42.936620" lon="11.282952">
        <ele>64.537468</ele>
        <time>2026-08-17T08:26:08.955Z</time>
      </trkpt>
      <trkpt lat="42.936689" lon="11.283012">
        <ele>64.625850</ele>
        <time>2026-08-17T08:26:11.089Z</time>
      </trkpt>
      <trkpt lat="42.937466" lon="11.281961">
        <ele>67.202462</ele>
        <time>2026-08-17T08:26:51.826Z</time>
      </trkpt>
      <trkpt lat="42.937576" lon="11.281982">
        <ele>67.464171</ele>
        <time>2026-08-17T08:26:56.445Z</time>
      </trkpt>
      <trkpt lat="42.937659" lon="11.281873">
        <ele>67.735468</ele>
        <time>2026-08-17T08:27:00.175Z</time>
      </trkpt>
      <trkpt lat="42.937992" lon="11.282302">
        <ele>68.814034</ele>
        <time>2026-08-17T08:27:14.237Z</time>
      </trkpt>
      <trkpt lat="42.938369" lon="11.282786">
        <ele>69.011862</ele>
        <time>2026-08-17T08:27:27.402Z</time>
      </trkpt>
      <trkpt lat="42.938577" lon="11.283096">
        <ele>69.105018</ele>
        <time>2026-08-17T08:27:33.372Z</time>
      </trkpt>
      <trkpt lat="42.939066" lon="11.283922">
        <ele>69.340348</ele>
        <time>2026-08-17T08:27:45.558Z</time>
      </trkpt>
      <trkpt lat="42.939168" lon="11.284161">
        <ele>69.401634</ele>
        <time>2026-08-17T08:27:48.410Z</time>
      </trkpt>
      <trkpt lat="42.939224" lon="11.284391">
        <ele>69.393352</ele>
        <time>2026-08-17T08:27:50.904Z</time>
      </trkpt>
      <trkpt lat="42.939285" lon="11.284827">
        <ele>69.368981</ele>
        <time>2026-08-17T08:27:55.565Z</time>
      </trkpt>
      <trkpt lat="42.939432" lon="11.285373">
        <ele>69.337040</ele>
        <time>2026-08-17T08:28:02.078Z</time>
      </trkpt>
      <trkpt lat="42.939777" lon="11.286378">
        <ele>69.276097</ele>
        <time>2026-08-17T08:28:18.512Z</time>
      </trkpt>
      <trkpt lat="42.940092" lon="11.287150">
        <ele>70.139567</ele>
        <time>2026-08-17T08:28:34.303Z</time>
      </trkpt>
      <trkpt lat="42.940307" lon="11.287688">
        <ele>70.816421</ele>
        <time>2026-08-17T08:28:45.369Z</time>
      </trkpt>
      <trkpt lat="42.940545" lon="11.288391">
        <ele>71.671715</ele>
        <time>2026-08-17T08:28:59.205Z</time>
      </trkpt>
      <trkpt lat="42.940677" lon="11.288923">
        <ele>72.227357</ele>
        <time>2026-08-17T08:29:09.068Z</time>
      </trkpt>
      <trkpt lat="42.940713" lon="11.289230">
        <ele>72.498643</ele>
        <time>2026-08-17T08:29:14.499Z</time>
      </trkpt>
      <trkpt lat="42.940863" lon="11.291590">
        <ele>74.156160</ele>
        <time>2026-08-17T08:29:52.928Z</time>
      </trkpt>
      <trkpt lat="42.940905" lon="11.291997">
        <ele>74.179460</ele>
        <time>2026-08-17T08:29:58.172Z</time>
      </trkpt>
      <trkpt lat="42.940989" lon="11.292403">
        <ele>74.203377</ele>
        <time>2026-08-17T08:30:03.364Z</time>
      </trkpt>
      <trkpt lat="42.941165" lon="11.292783">
        <ele>74.228868</ele>
        <time>2026-08-17T08:30:08.770Z</time>
      </trkpt>
      <trkpt lat="42.941411" lon="11.293187">
        <ele>74.258657</ele>
        <time>2026-08-17T08:30:14.955Z</time>
      </trkpt>
      <trkpt lat="42.942440" lon="11.294794">
        <ele>72.941898</ele>
        <time>2026-08-17T08:30:39.264Z</time>
      </trkpt>
      <trkpt lat="42.942506" lon="11.294939">
        <ele>72.828087</ele>
        <time>2026-08-17T08:30:40.979Z</time>
      </trkpt>
      <trkpt lat="42.942562" lon="11.295268">
        <ele>72.607832</ele>
        <time>2026-08-17T08:30:44.344Z</time>
      </trkpt>
      <trkpt lat="42.942615" lon="11.296017">
        <ele>72.199489</ele>
        <time>2026-08-17T08:30:51.833Z</time>
      </trkpt>
      <trkpt lat="42.942678" lon="11.296437">
        <ele>71.966838</ele>
        <time>2026-08-17T08:30:56.168Z</time>
      </trkpt>
      <trkpt lat="42.942752" lon="11.296714">
        <ele>71.806826</ele>
        <time>2026-08-17T08:30:59.252Z</time>
      </trkpt>
      <trkpt lat="42.942870" lon="11.297021">
        <ele>71.618663</ele>
        <time>2026-08-17T08:31:03.114Z</time>
      </trkpt>
      <trkpt lat="42.943174" lon="11.297478">
        <ele>71.332089</ele>
        <time>2026-08-17T08:31:12.065Z</time>
      </trkpt>
      <trkpt lat="42.943615" lon="11.298006">
        <ele>72.604883</ele>
        <time>2026-08-17T08:31:28.667Z</time>
      </trkpt>
      <trkpt lat="42.943852" lon="11.298336">
        <ele>73.339411</ele>
        <time>2026-08-17T08:31:38.558Z</time>
      </trkpt>
      <trkpt lat="42.944001" lon="11.298604">
        <ele>73.874114</ele>
        <time>2026-08-17T08:31:45.515Z</time>
      </trkpt>
      <trkpt lat="42.944082" lon="11.298806">
        <ele>74.240060</ele>
        <time>2026-08-17T08:31:50.182Z</time>
      </trkpt>
      <trkpt lat="42.944195" lon="11.299190">
        <ele>74.897631</ele>
        <time>2026-08-17T08:31:58.445Z</time>
      </trkpt>
      <trkpt lat="42.944355" lon="11.299209">
        <ele>75.269766</ele>
        <time>2026-08-17T08:32:02.772Z</time>
      </trkpt>
      <trkpt lat="42.944437" lon="11.299138">
        <ele>75.587562</ele>
        <time>2026-08-17T08:32:05.379Z</time>
      </trkpt>
      <trkpt lat="42.944783" lon="11.299210">
        <ele>76.733230</ele>
        <time>2026-08-17T08:32:15.420Z</time>
      </trkpt>
      <trkpt lat="42.944921" lon="11.299289">
        <ele>77.223022</ele>
        <time>2026-08-17T08:32:19.788Z</time>
      </trkpt>
      <trkpt lat="42.945281" lon="11.299809">
        <ele>78.938025</ele>
        <time>2026-08-17T08:32:34.369Z</time>
      </trkpt>
      <trkpt lat="42.946620" lon="11.302072">
        <ele>87.975344</ele>
        <time>2026-08-17T08:33:55.553Z</time>
      </trkpt>
      <trkpt lat="42.946890" lon="11.302459">
        <ele>89.776022</ele>
        <time>2026-08-17T08:34:11.053Z</time>
      </trkpt>
      <trkpt lat="42.947389" lon="11.302896">
        <ele>92.288339</ele>
        <time>2026-08-17T08:34:33.867Z</time>
      </trkpt>
      <trkpt lat="42.948123" lon="11.303445">
        <ele>95.835218</ele>
        <time>2026-08-17T08:35:04.547Z</time>
      </trkpt>
      <trkpt lat="42.948878" lon="11.304105">
        <ele>98.578024</ele>
        <time>2026-08-17T08:35:32.759Z</time>
      </trkpt>
      <trkpt lat="42.949128" lon="11.304316">
        <ele>99.300307</ele>
        <time>2026-08-17T08:35:41.221Z</time>
      </trkpt>
      <trkpt lat="42.949212" lon="11.304387">
        <ele>99.543092</ele>
        <time>2026-08-17T08:35:43.983Z</time>
      </trkpt>
      <trkpt lat="42.949310" lon="11.304469">
        <ele>99.825556</ele>
        <time>2026-08-17T08:35:47.134Z</time>
      </trkpt>
      <trkpt lat="42.950412" lon="11.305452">
        <ele>101.975962</ele>
        <time>2026-08-17T08:36:19.668Z</time>
      </trkpt>
      <trkpt lat="42.950814" lon="11.305666">
        <ele>102.279635</ele>
        <time>2026-08-17T08:36:28.856Z</time>
      </trkpt>
      <trkpt lat="42.950877" lon="11.305974">
        <ele>102.444391</ele>
        <time>2026-08-17T08:36:33.384Z</time>
      </trkpt>
      <trkpt lat="42.950927" lon="11.306085">
        <ele>102.511538</ele>
        <time>2026-08-17T08:36:35.173Z</time>
      </trkpt>
      <trkpt lat="42.952564" lon="11.309025">
        <ele>100.839731</ele>
        <time>2026-08-17T08:37:16.733Z</time>
      </trkpt>
      <trkpt lat="42.953361" lon="11.310403">
        <ele>99.037989</ele>
        <time>2026-08-17T08:37:34.836Z</time>
      </trkpt>
      <trkpt lat="42.953659" lon="11.310961">
        <ele>98.160704</ele>
        <time>2026-08-17T08:37:41.563Z</time>
      </trkpt>
      <trkpt lat="42.953705" lon="11.311100">
        <ele>97.964816</ele>
        <time>2026-08-17T08:37:43.050Z</time>
      </trkpt>
      <trkpt lat="42.953738" lon="11.311301">
        <ele>97.700296</ele>
        <time>2026-08-17T08:37:45.068Z</time>
      </trkpt>
      <trkpt lat="42.953745" lon="11.311751">
        <ele>97.122318</ele>
        <time>2026-08-17T08:37:49.473Z</time>
      </trkpt>
      <trkpt lat="42.953425" lon="11.317020">
        <ele>92.095437</ele>
        <time>2026-08-17T08:38:45.803Z</time>
      </trkpt>
      <trkpt lat="42.953391" lon="11.317396">
        <ele>91.764870</ele>
        <time>2026-08-17T08:38:49.887Z</time>
      </trkpt>
      <trkpt lat="42.953163" lon="11.318870">
        <ele>90.586134</ele>
        <time>2026-08-17T08:39:05.854Z</time>
      </trkpt>
      <trkpt lat="42.953140" lon="11.319143">
        <ele>90.375930</ele>
        <time>2026-08-17T08:39:08.787Z</time>
      </trkpt>
      <trkpt lat="42.953170" lon="11.320215">
        <ele>89.511692</ele>
        <time>2026-08-17T08:39:20.900Z</time>
      </trkpt>
      <trkpt lat="42.953255" lon="11.321189">
        <ele>88.479734</ele>
        <time>2026-08-17T08:39:32.101Z</time>
      </trkpt>
      <trkpt lat="42.953461" lon="11.321907">
        <ele>87.668398</ele>
        <time>2026-08-17T08:39:40.068Z</time>
      </trkpt>
      <trkpt lat="42.953967" lon="11.323435">
        <ele>85.039257</ele>
        <time>2026-08-17T08:39:55.874Z</time>
      </trkpt>
      <trkpt lat="42.954177" lon="11.324055">
        <ele>83.794820</ele>
        <time>2026-08-17T08:40:02.379Z</time>
      </trkpt>
      <trkpt lat="42.954334" lon="11.324386">
        <ele>83.076344</ele>
        <time>2026-08-17T08:40:06.233Z</time>
      </trkpt>
      <trkpt lat="42.954495" lon="11.324662">
        <ele>82.476981</ele>
        <time>2026-08-17T08:40:09.751Z</time>
      </trkpt>
      <trkpt lat="42.955841" lon="11.326686">
        <ele>78.910379</ele>
        <time>2026-08-17T08:40:37.241Z</time>
      </trkpt>
      <trkpt lat="42.956074" lon="11.326938">
        <ele>78.553974</ele>
        <time>2026-08-17T08:40:41.428Z</time>
      </trkpt>
      <trkpt lat="42.956029" lon="11.327005">
        <ele>78.474150</ele>
        <time>2026-08-17T08:40:43.326Z</time>
      </trkpt>
      <trkpt lat="42.955846" lon="11.327104">
        <ele>78.238088</ele>
        <time>2026-08-17T08:40:48.968Z</time>
      </trkpt>
      <trkpt lat="42.955786" lon="11.327203">
        <ele>78.125259</ele>
        <time>2026-08-17T08:40:51.700Z</time>
      </trkpt>
      <trkpt lat="42.955768" lon="11.327233">
        <ele>78.091207</ele>
        <time>2026-08-17T08:40:52.522Z</time>
      </trkpt>
      <trkpt lat="42.955751" lon="11.327388">
        <ele>77.953630</ele>
        <time>2026-08-17T08:40:55.861Z</time>
      </trkpt>
      <trkpt lat="42.955847" lon="11.327906">
        <ele>77.484581</ele>
        <time>2026-08-17T08:41:07.464Z</time>
      </trkpt>
      <trkpt lat="42.955847" lon="11.328034">
        <ele>77.372224</ele>
        <time>2026-08-17T08:41:10.292Z</time>
      </trkpt>
      <trkpt lat="42.955809" lon="11.328140">
        <ele>77.268615</ele>
        <time>2026-08-17T08:41:12.899Z</time>
      </trkpt>
      <trkpt lat="42.955743" lon="11.328244">
        <ele>77.147785</ele>
        <time>2026-08-17T08:41:15.986Z</time>
      </trkpt>
      <trkpt lat="42.954818" lon="11.329318">
        <ele>76.244433</ele>
        <time>2026-08-17T08:41:52.213Z</time>
      </trkpt>
      <trkpt lat="42.954708" lon="11.329393">
        <ele>76.155618</ele>
        <time>2026-08-17T08:41:55.747Z</time>
      </trkpt>
      <trkpt lat="42.954591" lon="11.329393">
        <ele>76.071092</ele>
        <time>2026-08-17T08:41:59.129Z</time>
      </trkpt>
      <trkpt lat="42.953605" lon="11.328927">
        <ele>75.909689</ele>
        <time>2026-08-17T08:42:30.497Z</time>
      </trkpt>
      <trkpt lat="42.954591" lon="11.329393">
        <ele>76.116838</ele>
        <time>2026-08-17T08:43:06.586Z</time>
      </trkpt>
      <trkpt lat="42.954708" lon="11.329393">
        <ele>76.142782</ele>
        <time>2026-08-17T08:43:11.002Z</time>
      </trkpt>
      <trkpt lat="42.954818" lon="11.329318">
        <ele>76.236197</ele>
        <time>2026-08-17T08:43:15.589Z</time>
      </trkpt>
      <trkpt lat="42.955743" lon="11.328244">
        <ele>77.158585</ele>
        <time>2026-08-17T08:43:58.124Z</time>
      </trkpt>
      <trkpt lat="42.955809" lon="11.328140">
        <ele>77.235138</ele>
        <time>2026-08-17T08:44:01.520Z</time>
      </trkpt>
      <trkpt lat="42.955847" lon="11.328034">
        <ele>77.300780</ele>
        <time>2026-08-17T08:44:04.514Z</time>
      </trkpt>
      <trkpt lat="42.955847" lon="11.327906">
        <ele>77.371965</ele>
        <time>2026-08-17T08:44:07.718Z</time>
      </trkpt>
      <trkpt lat="42.955751" lon="11.327388">
        <ele>77.822192</ele>
        <time>2026-08-17T08:44:21.583Z</time>
      </trkpt>
      <trkpt lat="42.955768" lon="11.327233">
        <ele>77.991056</ele>
        <time>2026-08-17T08:44:25.764Z</time>
      </trkpt>
      <trkpt lat="42.955786" lon="11.327203">
        <ele>78.032852</ele>
        <time>2026-08-17T08:44:26.798Z</time>
      </trkpt>
      <trkpt lat="42.955846" lon="11.327104">
        <ele>78.171340</ele>
        <time>2026-08-17T08:44:30.277Z</time>
      </trkpt>
      <trkpt lat="42.956029" lon="11.327005">
        <ele>78.461085</ele>
        <time>2026-08-17T08:44:37.672Z</time>
      </trkpt>
      <trkpt lat="42.956074" lon="11.326938">
        <ele>78.559062</ele>
        <time>2026-08-17T08:44:40.155Z</time>
      </trkpt>
      <trkpt lat="42.955841" lon="11.326686">
        <ele>78.996518</ele>
        <time>2026-08-17T08:44:47.325Z</time>
      </trkpt>
      <trkpt lat="42.954495" lon="11.324662">
        <ele>82.593866</ele>
        <time>2026-08-17T08:45:38.307Z</time>
      </trkpt>
      <trkpt lat="42.954334" lon="11.324386">
        <ele>83.112460</ele>
        <time>2026-08-17T08:45:44.961Z</time>
      </trkpt>
      <trkpt lat="42.954177" lon="11.324055">
        <ele>83.692022</ele>
        <time>2026-08-17T08:45:52.803Z</time>
      </trkpt>
      <trkpt lat="42.953967" lon="11.323435">
        <ele>84.902538</ele>
        <time>2026-08-17T08:46:07.354Z</time>
      </trkpt>
      <trkpt lat="42.953461" lon="11.321907">
        <ele>87.913813</ele>
        <time>2026-08-17T08:46:43.757Z</time>
      </trkpt>
      <trkpt lat="42.953255" lon="11.321189">
        <ele>88.667655</ele>
        <time>2026-08-17T08:46:57.297Z</time>
      </trkpt>
      <trkpt lat="42.953170" lon="11.320215">
        <ele>89.438152</ele>
        <time>2026-08-17T08:47:11.534Z</time>
      </trkpt>
      <trkpt lat="42.953140" lon="11.319143">
        <ele>90.292791</ele>
        <time>2026-08-17T08:47:27.443Z</time>
      </trkpt>
      <trkpt lat="42.953163" lon="11.318870">
        <ele>90.523543</ele>
        <time>2026-08-17T08:47:31.996Z</time>
      </trkpt>
      <trkpt lat="42.953391" lon="11.317396">
        <ele>91.788593</ele>
        <time>2026-08-17T08:47:57.117Z</time>
      </trkpt>
      <trkpt lat="42.953425" lon="11.317020">
        <ele>92.106719</ele>
        <time>2026-08-17T08:48:03.234Z</time>
      </trkpt>
      <trkpt lat="42.953745" lon="11.311751">
        <ele>96.995378</ele>
        <time>2026-08-17T08:49:30.514Z</time>
      </trkpt>
      <trkpt lat="42.953738" lon="11.311301">
        <ele>97.604821</ele>
        <time>2026-08-17T08:49:39.430Z</time>
      </trkpt>
      <trkpt lat="42.953705" lon="11.311100">
        <ele>97.883741</ele>
        <time>2026-08-17T08:49:43.530Z</time>
      </trkpt>
      <trkpt lat="42.953659" lon="11.310961">
        <ele>98.090294</ele>
        <time>2026-08-17T08:49:46.558Z</time>
      </trkpt>
      <trkpt lat="42.953361" lon="11.310403">
        <ele>99.025586</ele>
        <time>2026-08-17T08:50:00.379Z</time>
      </trkpt>
      <trkpt lat="42.952564" lon="11.309025">
        <ele>100.819775</ele>
        <time>2026-08-17T08:50:31.400Z</time>
      </trkpt>
      <trkpt lat="42.950927" lon="11.306085">
        <ele>102.814388</ele>
        <time>2026-08-17T08:51:26.499Z</time>
      </trkpt>
      <trkpt lat="42.950877" lon="11.305974">
        <ele>102.859872</ele>
        <time>2026-08-17T08:51:28.047Z</time>
      </trkpt>
      <trkpt lat="42.950814" lon="11.305666">
        <ele>102.657337</ele>
        <time>2026-08-17T08:51:31.752Z</time>
      </trkpt>
      <trkpt lat="42.950412" lon="11.305452">
        <ele>102.284032</ele>
        <time>2026-08-17T08:51:38.221Z</time>
      </trkpt>
      <trkpt lat="42.949310" lon="11.304469">
        <ele>101.198453</ele>
        <time>2026-08-17T08:51:57.274Z</time>
      </trkpt>
      <trkpt lat="42.949212" lon="11.304387">
        <ele>101.131961</ele>
        <time>2026-08-17T08:51:59.004Z</time>
      </trkpt>
      <trkpt lat="42.949165" lon="11.304414">
        <ele>101.102460</ele>
        <time>2026-08-17T08:51:59.782Z</time>
      </trkpt>
      <trkpt lat="42.949129" lon="11.304516">
        <ele>101.054503</ele>
        <time>2026-08-17T08:52:01.053Z</time>
      </trkpt>
      <trkpt lat="42.946610" lon="11.306204">
        <ele>99.486045</ele>
        <time>2026-08-17T08:52:46.343Z</time>
      </trkpt>
      <trkpt lat="42.946524" lon="11.306318">
        <ele>99.421277</ele>
        <time>2026-08-17T08:52:48.104Z</time>
      </trkpt>
      <trkpt lat="42.946434" lon="11.306514">
        <ele>99.329736</ele>
        <time>2026-08-17T08:52:50.576Z</time>
      </trkpt>
      <trkpt lat="42.946026" lon="11.308087">
        <ele>98.565099</ele>
        <time>2026-08-17T08:53:08.767Z</time>
      </trkpt>
      <trkpt lat="42.945575" lon="11.309605">
        <ele>97.967985</ele>
        <time>2026-08-17T08:53:29.010Z</time>
      </trkpt>
      <trkpt lat="42.946190" lon="11.310566">
        <ele>97.647511</ele>
        <time>2026-08-17T08:53:44.438Z</time>
      </trkpt>
      <trkpt lat="42.946815" lon="11.311472">
        <ele>96.488618</ele>
        <time>2026-08-17T08:53:58.175Z</time>
      </trkpt>
      <trkpt lat="42.947054" lon="11.312077">
        <ele>95.607459</ele>
        <time>2026-08-17T08:54:05.134Z</time>
      </trkpt>
      <trkpt lat="42.947136" lon="11.312399">
        <ele>95.170484</ele>
        <time>2026-08-17T08:54:08.460Z</time>
      </trkpt>
      <trkpt lat="42.947251" lon="11.313149">
        <ele>94.254858</ele>
        <time>2026-08-17T08:54:15.729Z</time>
      </trkpt>
      <trkpt lat="42.947254" lon="11.313788">
        <ele>93.703786</ele>
        <time>2026-08-17T08:54:21.759Z</time>
      </trkpt>
      <trkpt lat="42.947198" lon="11.314116">
        <ele>93.413333</ele>
        <time>2026-08-17T08:54:25.068Z</time>
      </trkpt>
      <trkpt lat="42.947091" lon="11.314394">
        <ele>93.142468</ele>
        <time>2026-08-17T08:54:28.338Z</time>
      </trkpt>
      <trkpt lat="42.946841" lon="11.314830">
        <ele>92.664841</ele>
        <time>2026-08-17T08:54:34.775Z</time>
      </trkpt>
      <trkpt lat="42.946087" lon="11.316438">
        <ele>91.953246</ele>
        <time>2026-08-17T08:55:05.168Z</time>
      </trkpt>
      <trkpt lat="42.945867" lon="11.316963">
        <ele>91.820449</ele>
        <time>2026-08-17T08:55:12.483Z</time>
      </trkpt>
      <trkpt lat="42.945769" lon="11.317258">
        <ele>91.749334</ele>
        <time>2026-08-17T08:55:15.757Z</time>
      </trkpt>
      <trkpt lat="42.945564" lon="11.318125">
        <ele>88.275298</ele>
        <time>2026-08-17T08:55:23.760Z</time>
      </trkpt>
      <trkpt lat="42.945484" lon="11.318367">
        <ele>87.179121</ele>
        <time>2026-08-17T08:55:25.940Z</time>
      </trkpt>
      <trkpt lat="42.944914" lon="11.319636">
        <ele>81.272947</ele>
        <time>2026-08-17T08:55:37.877Z</time>
      </trkpt>
      <trkpt lat="42.944881" lon="11.319715">
        <ele>81.059424</ele>
        <time>2026-08-17T08:55:38.612Z</time>
      </trkpt>
      <trkpt lat="42.945133" lon="11.319919">
        <ele>80.120050</ele>
        <time>2026-08-17T08:55:45.423Z</time>
      </trkpt>
      <trkpt lat="42.945185" lon="11.319961">
        <ele>79.926325</ele>
        <time>2026-08-17T08:55:46.871Z</time>
      </trkpt>
      <trkpt lat="42.945538" lon="11.320134">
        <ele>78.723644</ele>
        <time>2026-08-17T08:55:56.249Z</time>
      </trkpt>
      <trkpt lat="42.946010" lon="11.320167">
        <ele>77.208002</ele>
        <time>2026-08-17T08:56:09.451Z</time>
      </trkpt>
      <trkpt lat="42.946599" lon="11.321057">
        <ele>75.435867</ele>
        <time>2026-08-17T08:56:37.856Z</time>
      </trkpt>
      <trkpt lat="42.947415" lon="11.322441">
        <ele>74.310932</ele>
        <time>2026-08-17T08:57:17.252Z</time>
      </trkpt>
      <trkpt lat="42.947824" lon="11.323042">
        <ele>72.543450</ele>
        <time>2026-08-17T08:57:32.433Z</time>
      </trkpt>
      <trkpt lat="42.947974" lon="11.323111">
        <ele>72.046620</ele>
        <time>2026-08-17T08:57:36.397Z</time>
      </trkpt>
      <trkpt lat="42.948106" lon="11.323686">
        <ele>70.661997</ele>
        <time>2026-08-17T08:57:47.405Z</time>
      </trkpt>
      <trkpt lat="42.948523" lon="11.324136">
        <ele>68.993917</ele>
        <time>2026-08-17T08:58:00.810Z</time>
      </trkpt>
      <trkpt lat="42.949810" lon="11.324855">
        <ele>66.610317</ele>
        <time>2026-08-17T08:58:39.385Z</time>
      </trkpt>
      <trkpt lat="42.949814" lon="11.324936">
        <ele>66.516382</ele>
        <time>2026-08-17T08:58:41.124Z</time>
      </trkpt>
      <trkpt lat="42.949854" lon="11.325778">
        <ele>65.728464</ele>
        <time>2026-08-17T08:58:59.775Z</time>
      </trkpt>
      <trkpt lat="42.950095" lon="11.329673">
        <ele>65.004770</ele>
        <time>2026-08-17T09:00:28.673Z</time>
      </trkpt>
      <trkpt lat="42.950100" lon="11.329752">
        <ele>64.995586</ele>
        <time>2026-08-17T09:00:30.512Z</time>
      </trkpt>
      <trkpt lat="42.950105" lon="11.329829">
        <ele>64.986634</ele>
        <time>2026-08-17T09:00:32.277Z</time>
      </trkpt>
      <trkpt lat="42.950840" lon="11.343223">
        <ele>64.906230</ele>
        <time>2026-08-17T09:05:45.427Z</time>
      </trkpt>
      <trkpt lat="42.950824" lon="11.343362">
        <ele>64.881160</ele>
        <time>2026-08-17T09:05:48.713Z</time>
      </trkpt>
      <trkpt lat="42.950913" lon="11.343552">
        <ele>64.840969</ele>
        <time>2026-08-17T09:05:53.894Z</time>
      </trkpt>
      <trkpt lat="42.951077" lon="11.343777">
        <ele>64.784394</ele>
        <time>2026-08-17T09:06:01.163Z</time>
      </trkpt>
      <trkpt lat="42.951219" lon="11.344035">
        <ele>64.726880</ele>
        <time>2026-08-17T09:06:08.438Z</time>
      </trkpt>
      <trkpt lat="42.951274" lon="11.344561">
        <ele>64.632212</ele>
        <time>2026-08-17T09:06:20.321Z</time>
      </trkpt>
      <trkpt lat="42.951227" lon="11.345033">
        <ele>64.557550</ele>
        <time>2026-08-17T09:06:30.889Z</time>
      </trkpt>
      <trkpt lat="42.951219" lon="11.345505">
        <ele>64.557818</ele>
        <time>2026-08-17T09:06:41.356Z</time>
      </trkpt>
      <trkpt lat="42.951132" lon="11.345934">
        <ele>64.558071</ele>
        <time>2026-08-17T09:06:51.316Z</time>
      </trkpt>
      <trkpt lat="42.951117" lon="11.346685">
        <ele>64.558497</ele>
        <time>2026-08-17T09:07:08.663Z</time>
      </trkpt>
      <trkpt lat="42.951182" lon="11.346968">
        <ele>64.558666</ele>
        <time>2026-08-17T09:07:15.838Z</time>
      </trkpt>
      <trkpt lat="42.952864" lon="11.346458">
        <ele>65.645026</ele>
        <time>2026-08-17T09:08:17.214Z</time>
      </trkpt>
      <trkpt lat="42.952965" lon="11.346550">
        <ele>65.738899</ele>
        <time>2026-08-17T09:08:21.555Z</time>
      </trkpt>
      <trkpt lat="42.953064" lon="11.346640">
        <ele>65.830857</ele>
        <time>2026-08-17T09:08:25.751Z</time>
      </trkpt>
      <trkpt lat="42.953687" lon="11.346581">
        <ele>66.045048</ele>
        <time>2026-08-17T09:08:47.318Z</time>
      </trkpt>
      <trkpt lat="42.953777" lon="11.346530">
        <ele>66.064756</ele>
        <time>2026-08-17T09:08:50.585Z</time>
      </trkpt>
      <trkpt lat="42.953822" lon="11.346454">
        <ele>66.079228</ele>
        <time>2026-08-17T09:08:52.971Z</time>
      </trkpt>
      <trkpt lat="42.954116" lon="11.345556">
        <ele>66.224864</ele>
        <time>2026-08-17T09:09:16.053Z</time>
      </trkpt>
      <trkpt lat="42.954468" lon="11.344800">
        <ele>66.318777</ele>
        <time>2026-08-17T09:09:36.580Z</time>
      </trkpt>
      <trkpt lat="42.954695" lon="11.344575">
        <ele>66.325387</ele>
        <time>2026-08-17T09:09:45.374Z</time>
      </trkpt>
      <trkpt lat="42.955019" lon="11.344515">
        <ele>66.333094</ele>
        <time>2026-08-17T09:09:55.614Z</time>
      </trkpt>
      <trkpt lat="42.955443" lon="11.344108">
        <ele>66.345307</ele>
        <time>2026-08-17T09:10:12.083Z</time>
      </trkpt>
      <trkpt lat="42.955568" lon="11.343872">
        <ele>66.350333</ele>
        <time>2026-08-17T09:10:19.035Z</time>
      </trkpt>
      <trkpt lat="42.955553" lon="11.343571">
        <ele>66.355537</ele>
        <time>2026-08-17T09:10:26.346Z</time>
      </trkpt>
      <trkpt lat="42.955457" lon="11.343223">
        <ele>66.482444</ele>
        <time>2026-08-17T09:10:35.506Z</time>
      </trkpt>
      <trkpt lat="42.955521" lon="11.343013">
        <ele>66.566644</ele>
        <time>2026-08-17T09:10:41.131Z</time>
      </trkpt>
      <trkpt lat="42.955600" lon="11.342938">
        <ele>66.615295</ele>
        <time>2026-08-17T09:10:44.382Z</time>
      </trkpt>
      <trkpt lat="42.955773" lon="11.343003">
        <ele>66.706036</ele>
        <time>2026-08-17T09:10:50.489Z</time>
      </trkpt>
      <trkpt lat="42.956079" lon="11.343207">
        <ele>66.878231</ele>
        <time>2026-08-17T09:11:02.205Z</time>
      </trkpt>
      <trkpt lat="42.956384" lon="11.343319">
        <ele>67.037956</ele>
        <time>2026-08-17T09:11:13.137Z</time>
      </trkpt>
      <trkpt lat="42.956651" lon="11.343223">
        <ele>67.177585</ele>
        <time>2026-08-17T09:11:22.726Z</time>
      </trkpt>
      <trkpt lat="42.957090" lon="11.342944">
        <ele>67.283984</ele>
        <time>2026-08-17T09:11:39.369Z</time>
      </trkpt>
      <trkpt lat="42.957245" lon="11.342800">
        <ele>67.295036</ele>
        <time>2026-08-17T09:11:45.609Z</time>
      </trkpt>
      <trkpt lat="42.957459" lon="11.342600">
        <ele>67.310324</ele>
        <time>2026-08-17T09:11:54.083Z</time>
      </trkpt>
      <trkpt lat="42.957618" lon="11.342220">
        <ele>67.329214</ele>
        <time>2026-08-17T09:12:04.297Z</time>
      </trkpt>
      <trkpt lat="42.957712" lon="11.341501">
        <ele>67.360733</ele>
        <time>2026-08-17T09:12:20.945Z</time>
      </trkpt>
      <trkpt lat="42.957736" lon="11.341147">
        <ele>67.358702</ele>
        <time>2026-08-17T09:12:28.933Z</time>
      </trkpt>
      <trkpt lat="42.957822" lon="11.341007">
        <ele>67.334777</ele>
        <time>2026-08-17T09:12:33.015Z</time>
      </trkpt>
      <trkpt lat="42.958011" lon="11.340878">
        <ele>67.296991</ele>
        <time>2026-08-17T09:12:39.440Z</time>
      </trkpt>
      <trkpt lat="42.958496" lon="11.340637">
        <ele>67.204689</ele>
        <time>2026-08-17T09:12:55.295Z</time>
      </trkpt>
      <trkpt lat="42.958920" lon="11.340583">
        <ele>67.128526</ele>
        <time>2026-08-17T09:13:08.604Z</time>
      </trkpt>
      <trkpt lat="42.959793" lon="11.340728">
        <ele>67.053274</ele>
        <time>2026-08-17T09:13:36.994Z</time>
      </trkpt>
      <trkpt lat="42.960325" lon="11.341034">
        <ele>67.057467</ele>
        <time>2026-08-17T09:13:55.494Z</time>
      </trkpt>
      <trkpt lat="42.959793" lon="11.340728">
        <ele>67.061659</ele>
        <time>2026-08-17T09:14:13.737Z</time>
      </trkpt>
      <trkpt lat="42.958920" lon="11.340583">
        <ele>67.149493</ele>
        <time>2026-08-17T09:14:41.387Z</time>
      </trkpt>
      <trkpt lat="42.958496" lon="11.340637">
        <ele>67.203893</ele>
        <time>2026-08-17T09:14:55.254Z</time>
      </trkpt>
      <trkpt lat="42.958011" lon="11.340878">
        <ele>67.269821</ele>
        <time>2026-08-17T09:15:12.550Z</time>
      </trkpt>
      <trkpt lat="42.957822" lon="11.341007">
        <ele>67.294254</ele>
        <time>2026-08-17T09:15:19.683Z</time>
      </trkpt>
      <trkpt lat="42.957736" lon="11.341147">
        <ele>67.300141</ele>
        <time>2026-08-17T09:15:24.198Z</time>
      </trkpt>
      <trkpt lat="42.957712" lon="11.341501">
        <ele>67.311593</ele>
        <time>2026-08-17T09:15:32.915Z</time>
      </trkpt>
      <trkpt lat="42.957618" lon="11.342220">
        <ele>67.335119</ele>
        <time>2026-08-17T09:15:50.409Z</time>
      </trkpt>
      <trkpt lat="42.957459" lon="11.342600">
        <ele>67.349219</ele>
        <time>2026-08-17T09:16:00.581Z</time>
      </trkpt>
      <trkpt lat="42.957245" lon="11.342800">
        <ele>67.360630</ele>
        <time>2026-08-17T09:16:08.672Z</time>
      </trkpt>
      <trkpt lat="42.957090" lon="11.342944">
        <ele>67.368880</ele>
        <time>2026-08-17T09:16:14.428Z</time>
      </trkpt>
      <trkpt lat="42.956651" lon="11.343223">
        <ele>67.157469</ele>
        <time>2026-08-17T09:16:29.088Z</time>
      </trkpt>
      <trkpt lat="42.956384" lon="11.343319">
        <ele>67.013514</ele>
        <time>2026-08-17T09:16:37.374Z</time>
      </trkpt>
      <trkpt lat="42.956079" lon="11.343207">
        <ele>66.848842</ele>
        <time>2026-08-17T09:16:46.866Z</time>
      </trkpt>
      <trkpt lat="42.955773" lon="11.343003">
        <ele>66.671313</ele>
        <time>2026-08-17T09:16:57.150Z</time>
      </trkpt>
      <trkpt lat="42.955600" lon="11.342938">
        <ele>66.577762</ele>
        <time>2026-08-17T09:17:02.588Z</time>
      </trkpt>
      <trkpt lat="42.955521" lon="11.343013">
        <ele>66.527604</ele>
        <time>2026-08-17T09:17:05.507Z</time>
      </trkpt>
      <trkpt lat="42.955457" lon="11.343223">
        <ele>66.440796</ele>
        <time>2026-08-17T09:17:10.571Z</time>
      </trkpt>
      <trkpt lat="42.955553" lon="11.343571">
        <ele>66.413035</ele>
        <time>2026-08-17T09:17:18.923Z</time>
      </trkpt>
      <trkpt lat="42.955568" lon="11.343872">
        <ele>66.394992</ele>
        <time>2026-08-17T09:17:25.731Z</time>
      </trkpt>
      <trkpt lat="42.955443" lon="11.344108">
        <ele>66.377570</ele>
        <time>2026-08-17T09:17:32.410Z</time>
      </trkpt>
      <trkpt lat="42.955019" lon="11.344515">
        <ele>66.335228</ele>
        <time>2026-08-17T09:17:48.884Z</time>
      </trkpt>
      <trkpt lat="42.954695" lon="11.344575">
        <ele>66.308511</ele>
        <time>2026-08-17T09:17:59.458Z</time>
      </trkpt>
      <trkpt lat="42.954468" lon="11.344800">
        <ele>66.289054</ele>
        <time>2026-08-17T09:18:08.604Z</time>
      </trkpt>
      <trkpt lat="42.954116" lon="11.345556">
        <ele>66.345651</ele>
        <time>2026-08-17T09:18:29.925Z</time>
      </trkpt>
      <trkpt lat="42.953822" lon="11.346454">
        <ele>66.407789</ele>
        <time>2026-08-17T09:18:52.948Z</time>
      </trkpt>
      <trkpt lat="42.953777" lon="11.346530">
        <ele>66.413964</ele>
        <time>2026-08-17T09:18:55.190Z</time>
      </trkpt>
      <trkpt lat="42.953687" lon="11.346581">
        <ele>66.422373</ele>
        <time>2026-08-17T09:18:58.384Z</time>
      </trkpt>
      <trkpt lat="42.953064" lon="11.346640">
        <ele>66.531534</ele>
        <time>2026-08-17T09:19:18.366Z</time>
      </trkpt>
      <trkpt lat="42.952965" lon="11.346550">
        <ele>66.558595</ele>
        <time>2026-08-17T09:19:22.061Z</time>
      </trkpt>
      <trkpt lat="42.952965" lon="11.346550">
        <ele>66.558595</ele>
        <time>2026-08-17T09:19:22.070Z</time>
      </trkpt>
      <trkpt lat="42.952967" lon="11.346547">
        <ele>66.559270</ele>
        <time>2026-08-17T09:19:22.132Z</time>
      </trkpt>
      <trkpt lat="42.952941" lon="11.346477">
        <ele>66.572345</ele>
        <time>2026-08-17T09:19:23.361Z</time>
      </trkpt>
      <trkpt lat="42.952944" lon="11.346440">
        <ele>66.578545</ele>
        <time>2026-08-17T09:19:23.943Z</time>
      </trkpt>
      <trkpt lat="42.952958" lon="11.346410">
        <ele>66.584471</ele>
        <time>2026-08-17T09:19:24.501Z</time>
      </trkpt>
      <trkpt lat="42.953005" lon="11.346374">
        <ele>66.596733</ele>
        <time>2026-08-17T09:19:25.652Z</time>
      </trkpt>
      <trkpt lat="42.953122" lon="11.346322">
        <ele>66.624732</ele>
        <time>2026-08-17T09:19:28.284Z</time>
      </trkpt>
      <trkpt lat="42.953132" lon="11.346309">
        <ele>66.627873</ele>
        <time>2026-08-17T09:19:28.580Z</time>
      </trkpt>
      <trkpt lat="42.953179" lon="11.346273">
        <ele>66.640135</ele>
        <time>2026-08-17T09:19:29.731Z</time>
      </trkpt>
      <trkpt lat="42.953274" lon="11.346148">
        <ele>66.670149</ele>
        <time>2026-08-17T09:19:32.552Z</time>
      </trkpt>
      <trkpt lat="42.953359" lon="11.345936">
        <ele>66.710410</ele>
        <time>2026-08-17T09:19:36.335Z</time>
      </trkpt>
      <trkpt lat="42.953369" lon="11.345904">
        <ele>66.716206</ele>
        <time>2026-08-17T09:19:36.879Z</time>
      </trkpt>
      <trkpt lat="42.953382" lon="11.345879">
        <ele>66.721313</ele>
        <time>2026-08-17T09:19:37.359Z</time>
      </trkpt>
      <trkpt lat="42.953423" lon="11.345861">
        <ele>66.731114</ele>
        <time>2026-08-17T09:19:38.280Z</time>
      </trkpt>
      <trkpt lat="42.953440" lon="11.345861">
        <ele>66.734982</ele>
        <time>2026-08-17T09:19:38.644Z</time>
      </trkpt>
      <trkpt lat="42.953445" lon="11.345856">
        <ele>66.736392</ele>
        <time>2026-08-17T09:19:38.777Z</time>
      </trkpt>
      <trkpt lat="42.953466" lon="11.345909">
        <ele>66.746430</ele>
        <time>2026-08-17T09:19:39.719Z</time>
      </trkpt>
      <trkpt lat="42.953488" lon="11.346053">
        <ele>66.770932</ele>
        <time>2026-08-17T09:19:42.022Z</time>
      </trkpt>
      <trkpt lat="42.953495" lon="11.346213">
        <ele>66.797628</ele>
        <time>2026-08-17T09:19:44.530Z</time>
      </trkpt>
      <trkpt lat="42.953513" lon="11.346469">
        <ele>66.840464</ele>
        <time>2026-08-17T09:19:48.555Z</time>
      </trkpt>
      <trkpt lat="42.953519" lon="11.346603">
        <ele>66.870356</ele>
        <time>2026-08-17T09:19:50.657Z</time>
      </trkpt>
      <trkpt lat="42.953524" lon="11.346672">
        <ele>66.889807</ele>
        <time>2026-08-17T09:19:51.741Z</time>
      </trkpt>
      <trkpt lat="42.953522" lon="11.346672">
        <ele>66.890573</ele>
        <time>2026-08-17T09:19:51.785Z</time>
      </trkpt>
      <trkpt lat="42.953522" lon="11.346672">
        <ele>66.890573</ele>
        <time>2026-08-17T09:19:51.787Z</time>
      </trkpt>
      <trkpt lat="42.953851" lon="11.351716">
        <ele>69.441874</ele>
        <time>2026-08-17T09:21:01.749Z</time>
      </trkpt>
      <trkpt lat="42.954067" lon="11.351935">
        <ele>70.481386</ele>
        <time>2026-08-17T09:21:13.820Z</time>
      </trkpt>
      <trkpt lat="42.954145" lon="11.352718">
        <ele>72.716586</ele>
        <time>2026-08-17T09:21:43.418Z</time>
      </trkpt>
      <trkpt lat="42.954247" lon="11.353244">
        <ele>74.255753</ele>
        <time>2026-08-17T09:22:06.116Z</time>
      </trkpt>
      <trkpt lat="42.954640" lon="11.353662">
        <ele>76.107043</ele>
        <time>2026-08-17T09:22:34.387Z</time>
      </trkpt>
      <trkpt lat="42.955009" lon="11.353844">
        <ele>77.437409</ele>
        <time>2026-08-17T09:22:55.818Z</time>
      </trkpt>
      <trkpt lat="42.956477" lon="11.353115">
        <ele>81.812582</ele>
        <time>2026-08-17T09:24:04.269Z</time>
      </trkpt>
      <trkpt lat="42.958307" lon="11.352343">
        <ele>82.540423</ele>
        <time>2026-08-17T09:25:03.851Z</time>
      </trkpt>
      <trkpt lat="42.963175" lon="11.350465">
        <ele>83.879054</ele>
        <time>2026-08-17T09:27:51.127Z</time>
      </trkpt>
      <trkpt lat="42.963552" lon="11.350358">
        <ele>84.107509</ele>
        <time>2026-08-17T09:28:04.481Z</time>
      </trkpt>
      <trkpt lat="42.963944" lon="11.350444">
        <ele>84.343068</ele>
        <time>2026-08-17T09:28:18.356Z</time>
      </trkpt>
      <trkpt lat="42.964046" lon="11.352557">
        <ele>85.170464</ele>
        <time>2026-08-17T09:29:12.017Z</time>
      </trkpt>
      <trkpt lat="42.963874" lon="11.353544">
        <ele>85.501278</ele>
        <time>2026-08-17T09:29:36.833Z</time>
      </trkpt>
      <trkpt lat="42.963638" lon="11.355218">
        <ele>85.982966</ele>
        <time>2026-08-17T09:30:17.782Z</time>
      </trkpt>
      <trkpt lat="42.963277" lon="11.356162">
        <ele>86.259252</ele>
        <time>2026-08-17T09:30:43.851Z</time>
      </trkpt>
      <trkpt lat="42.963230" lon="11.356763">
        <ele>86.556829</ele>
        <time>2026-08-17T09:30:59.091Z</time>
      </trkpt>
      <trkpt lat="42.962665" lon="11.358254">
        <ele>87.721510</ele>
        <time>2026-08-17T09:31:43.307Z</time>
      </trkpt>
      <trkpt lat="42.962138" lon="11.359499">
        <ele>89.087075</ele>
        <time>2026-08-17T09:32:22.856Z</time>
      </trkpt>
      <trkpt lat="42.961942" lon="11.360148">
        <ele>89.836673</ele>
        <time>2026-08-17T09:32:42.729Z</time>
      </trkpt>
      <trkpt lat="42.961785" lon="11.360668">
        <ele>90.437253</ele>
        <time>2026-08-17T09:32:58.915Z</time>
      </trkpt>
      <trkpt lat="42.961620" lon="11.361762">
        <ele>91.431025</ele>
        <time>2026-08-17T09:33:31.249Z</time>
      </trkpt>
      <trkpt lat="42.961284" lon="11.362420">
        <ele>92.111895</ele>
        <time>2026-08-17T09:33:52.867Z</time>
      </trkpt>
      <trkpt lat="42.961487" lon="11.362676">
        <ele>92.432213</ele>
        <time>2026-08-17T09:33:59.162Z</time>
      </trkpt>
      <trkpt lat="42.961602" lon="11.362743">
        <ele>92.577179</ele>
        <time>2026-08-17T09:34:01.902Z</time>
      </trkpt>
      <trkpt lat="42.961643" lon="11.363140">
        <ele>92.797189</ele>
        <time>2026-08-17T09:34:08.200Z</time>
      </trkpt>
      <trkpt lat="42.961649" lon="11.363877">
        <ele>92.982358</ele>
        <time>2026-08-17T09:34:18.874Z</time>
      </trkpt>
      <trkpt lat="42.961429" lon="11.365669">
        <ele>93.457196</ele>
        <time>2026-08-17T09:34:46.382Z</time>
      </trkpt>
      <trkpt lat="42.961430" lon="11.366958">
        <ele>93.860489</ele>
        <time>2026-08-17T09:35:06.384Z</time>
      </trkpt>
      <trkpt lat="42.961445" lon="11.367144">
        <ele>93.919036</ele>
        <time>2026-08-17T09:35:09.267Z</time>
      </trkpt>
      <trkpt lat="42.961716" lon="11.368347">
        <ele>94.358034</ele>
        <time>2026-08-17T09:35:28.698Z</time>
      </trkpt>
      <trkpt lat="42.961740" lon="11.369109">
        <ele>94.656641</ele>
        <time>2026-08-17T09:35:40.547Z</time>
      </trkpt>
      <trkpt lat="42.961707" lon="11.369500">
        <ele>94.810736</ele>
        <time>2026-08-17T09:35:46.798Z</time>
      </trkpt>
      <trkpt lat="42.961071" lon="11.373403">
        <ele>97.062292</ele>
        <time>2026-08-17T09:36:52.318Z</time>
      </trkpt>
      <trkpt lat="42.960896" lon="11.373891">
        <ele>97.513600</ele>
        <time>2026-08-17T09:37:02.177Z</time>
      </trkpt>
      <trkpt lat="42.960259" lon="11.375723">
        <ele>98.884804</ele>
        <time>2026-08-17T09:37:39.933Z</time>
      </trkpt>
      <trkpt lat="42.960188" lon="11.375975">
        <ele>99.017899</ele>
        <time>2026-08-17T09:37:44.448Z</time>
      </trkpt>
      <trkpt lat="42.960036" lon="11.376791">
        <ele>99.432922</ele>
        <time>2026-08-17T09:37:57.280Z</time>
      </trkpt>
      <trkpt lat="42.960024" lon="11.376963">
        <ele>99.518084</ele>
        <time>2026-08-17T09:37:59.685Z</time>
      </trkpt>
      <trkpt lat="42.960190" lon="11.378505">
        <ele>99.547100</ele>
        <time>2026-08-17T09:38:20.650Z</time>
      </trkpt>
      <trkpt lat="42.960179" lon="11.378758">
        <ele>99.529387</ele>
        <time>2026-08-17T09:38:24.109Z</time>
      </trkpt>
      <trkpt lat="42.960045" lon="11.380117">
        <ele>99.500358</ele>
        <time>2026-08-17T09:38:43.583Z</time>
      </trkpt>
      <trkpt lat="42.959821" lon="11.381437">
        <ele>99.594064</ele>
        <time>2026-08-17T09:39:03.349Z</time>
      </trkpt>
      <trkpt lat="42.959815" lon="11.381615">
        <ele>99.606387</ele>
        <time>2026-08-17T09:39:05.884Z</time>
      </trkpt>
      <trkpt lat="42.960011" lon="11.382922">
        <ele>99.994843</ele>
        <time>2026-08-17T09:39:24.913Z</time>
      </trkpt>
      <trkpt lat="42.960033" lon="11.383136">
        <ele>100.081698</ele>
        <time>2026-08-17T09:39:28.068Z</time>
      </trkpt>
      <trkpt lat="42.960021" lon="11.383316">
        <ele>100.154342</ele>
        <time>2026-08-17T09:39:30.752Z</time>
      </trkpt>
      <trkpt lat="42.959663" lon="11.384360">
        <ele>100.617722</ele>
        <time>2026-08-17T09:39:49.851Z</time>
      </trkpt>
      <trkpt lat="42.959436" lon="11.384707">
        <ele>101.145914</ele>
        <time>2026-08-17T09:39:58.568Z</time>
      </trkpt>
      <trkpt lat="42.958731" lon="11.385558">
        <ele>102.642224</ele>
        <time>2026-08-17T09:40:24.538Z</time>
      </trkpt>
      <trkpt lat="42.958609" lon="11.385664">
        <ele>102.872193</ele>
        <time>2026-08-17T09:40:28.514Z</time>
      </trkpt>
      <trkpt lat="42.958529" lon="11.385702">
        <ele>103.006915</ele>
        <time>2026-08-17T09:40:30.826Z</time>
      </trkpt>
      <trkpt lat="42.958453" lon="11.385677">
        <ele>103.131258</ele>
        <time>2026-08-17T09:40:32.969Z</time>
      </trkpt>
      <trkpt lat="42.958409" lon="11.385621">
        <ele>103.226904</ele>
        <time>2026-08-17T09:40:34.580Z</time>
      </trkpt>
      <trkpt lat="42.958360" lon="11.385289">
        <ele>103.547949</ele>
        <time>2026-08-17T09:40:41.183Z</time>
      </trkpt>
      <trkpt lat="42.958242" lon="11.385086">
        <ele>103.686368</ele>
        <time>2026-08-17T09:40:46.002Z</time>
      </trkpt>
      <trkpt lat="42.958165" lon="11.385022">
        <ele>103.752123</ele>
        <time>2026-08-17T09:40:48.256Z</time>
      </trkpt>
      <trkpt lat="42.957886" lon="11.384984">
        <ele>103.956683</ele>
        <time>2026-08-17T09:40:55.109Z</time>
      </trkpt>
      <trkpt lat="42.957876" lon="11.385114">
        <ele>104.026479</ele>
        <time>2026-08-17T09:40:57.413Z</time>
      </trkpt>
      <trkpt lat="42.957519" lon="11.385039">
        <ele>104.289998</ele>
        <time>2026-08-17T09:41:05.695Z</time>
      </trkpt>
      <trkpt lat="42.957509" lon="11.384977">
        <ele>104.323897</ele>
        <time>2026-08-17T09:41:06.583Z</time>
      </trkpt>
      <trkpt lat="42.957458" lon="11.384920">
        <ele>104.371968</ele>
        <time>2026-08-17T09:41:07.777Z</time>
      </trkpt>
      <trkpt lat="42.957408" lon="11.384919">
        <ele>104.408451</ele>
        <time>2026-08-17T09:41:08.711Z</time>
      </trkpt>
      <trkpt lat="42.957378" lon="11.384942">
        <ele>104.433548</ele>
        <time>2026-08-17T09:41:09.331Z</time>
      </trkpt>
      <trkpt lat="42.957366" lon="11.384955">
        <ele>104.444721</ele>
        <time>2026-08-17T09:41:09.596Z</time>
      </trkpt>
      <trkpt lat="42.957346" lon="11.385050">
        <ele>104.497503</ele>
        <time>2026-08-17T09:41:10.879Z</time>
      </trkpt>
      <trkpt lat="42.957367" lon="11.385111">
        <ele>104.533497</ele>
        <time>2026-08-17T09:41:11.756Z</time>
      </trkpt>
      <trkpt lat="42.957386" lon="11.385133">
        <ele>104.551667</ele>
        <time>2026-08-17T09:41:12.186Z</time>
      </trkpt>
      <trkpt lat="42.957439" lon="11.385259">
        <ele>104.629265</ele>
        <time>2026-08-17T09:41:14.065Z</time>
      </trkpt>
      <trkpt lat="42.957863" lon="11.389016">
        <ele>104.766285</ele>
        <time>2026-08-17T09:42:00.440Z</time>
      </trkpt>
      <trkpt lat="42.957909" lon="11.389563">
        <ele>104.887963</ele>
        <time>2026-08-17T09:42:08.048Z</time>
      </trkpt>
      <trkpt lat="42.957877" lon="11.390183">
        <ele>105.025319</ele>
        <time>2026-08-17T09:42:17.091Z</time>
      </trkpt>
      <trkpt lat="42.957369" lon="11.396097">
        <ele>108.418051</ele>
        <time>2026-08-17T09:43:47.856Z</time>
      </trkpt>
      <trkpt lat="42.957302" lon="11.396178">
        <ele>108.481284</ele>
        <time>2026-08-17T09:43:50.963Z</time>
      </trkpt>
      <trkpt lat="42.955826" lon="11.400037">
        <ele>110.973559</ele>
        <time>2026-08-17T09:45:41.899Z</time>
      </trkpt>
      <trkpt lat="42.955737" lon="11.400161">
        <ele>111.152177</ele>
        <time>2026-08-17T09:45:46.614Z</time>
      </trkpt>
      <trkpt lat="42.955025" lon="11.400729">
        <ele>112.310743</ele>
        <time>2026-08-17T09:46:18.460Z</time>
      </trkpt>
      <trkpt lat="42.954177" lon="11.401780">
        <ele>113.979602</ele>
        <time>2026-08-17T09:47:03.848Z</time>
      </trkpt>
      <trkpt lat="42.953949" lon="11.402016">
        <ele>114.412851</ele>
        <time>2026-08-17T09:47:14.953Z</time>
      </trkpt>
      <trkpt lat="42.952983" lon="11.403315">
        <ele>116.336334</ele>
        <time>2026-08-17T09:48:06.394Z</time>
      </trkpt>
      <trkpt lat="42.952166" lon="11.403819">
        <ele>117.397542</ele>
        <time>2026-08-17T09:48:39.659Z</time>
      </trkpt>
      <trkpt lat="42.951978" lon="11.404034">
        <ele>117.687780</ele>
        <time>2026-08-17T09:48:48.678Z</time>
      </trkpt>
      <trkpt lat="42.951986" lon="11.404624">
        <ele>118.127643</ele>
        <time>2026-08-17T09:49:04.497Z</time>
      </trkpt>
      <trkpt lat="42.951240" lon="11.406244">
        <ele>119.183673</ele>
        <time>2026-08-17T09:49:54.491Z</time>
      </trkpt>
      <trkpt lat="42.950549" lon="11.409108">
        <ele>119.397965</ele>
        <time>2026-08-17T09:51:06.285Z</time>
      </trkpt>
      <trkpt lat="42.950180" lon="11.410843">
        <ele>117.977237</ele>
        <time>2026-08-17T09:51:44.739Z</time>
      </trkpt>
      <trkpt lat="42.949559" lon="11.413804">
        <ele>113.551034</ele>
        <time>2026-08-17T09:52:46.055Z</time>
      </trkpt>
      <trkpt lat="42.950495" lon="11.414100">
        <ele>111.454339</ele>
        <time>2026-08-17T09:52:58.808Z</time>
      </trkpt>
      <trkpt lat="42.951140" lon="11.414226">
        <ele>110.032403</ele>
        <time>2026-08-17T09:53:07.542Z</time>
      </trkpt>
      <trkpt lat="42.951513" lon="11.414264">
        <ele>109.831329</ele>
        <time>2026-08-17T09:53:12.675Z</time>
      </trkpt>
      <trkpt lat="42.951783" lon="11.414216">
        <ele>109.723570</ele>
        <time>2026-08-17T09:53:16.471Z</time>
      </trkpt>
      <trkpt lat="42.952953" lon="11.413717">
        <ele>109.441636</ele>
        <time>2026-08-17T09:53:36.629Z</time>
      </trkpt>
      <trkpt lat="42.953317" lon="11.413569">
        <ele>111.058493</ele>
        <time>2026-08-17T09:53:48.186Z</time>
      </trkpt>
      <trkpt lat="42.953539" lon="11.413508">
        <ele>112.022559</ele>
        <time>2026-08-17T09:53:56.445Z</time>
      </trkpt>
      <trkpt lat="42.953738" lon="11.413549">
        <ele>112.879359</ele>
        <time>2026-08-17T09:54:04.645Z</time>
      </trkpt>
      <trkpt lat="42.953915" lon="11.413699">
        <ele>113.766102</ele>
        <time>2026-08-17T09:54:13.331Z</time>
      </trkpt>
      <trkpt lat="42.954560" lon="11.414482">
        <ele>117.404777</ele>
        <time>2026-08-17T09:54:50.691Z</time>
      </trkpt>
      <trkpt lat="42.954734" lon="11.414831">
        <ele>118.633930</ele>
        <time>2026-08-17T09:55:03.229Z</time>
      </trkpt>
      <trkpt lat="42.954809" lon="11.415103">
        <ele>119.479975</ele>
        <time>2026-08-17T09:55:11.142Z</time>
      </trkpt>
      <trkpt lat="42.954828" lon="11.415624">
        <ele>120.998352</ele>
        <time>2026-08-17T09:55:24.042Z</time>
      </trkpt>
      <trkpt lat="42.954327" lon="11.418112">
        <ele>127.906251</ele>
        <time>2026-08-17T09:56:22.297Z</time>
      </trkpt>
      <trkpt lat="42.953267" lon="11.423396">
        <ele>142.651614</ele>
        <time>2026-08-17T09:58:43.575Z</time>
      </trkpt>
      <trkpt lat="42.953163" lon="11.423830">
        <ele>143.429710</ele>
        <time>2026-08-17T09:58:52.629Z</time>
      </trkpt>
      <trkpt lat="42.953044" lon="11.424140">
        <ele>142.903676</ele>
        <time>2026-08-17T09:58:58.223Z</time>
      </trkpt>
      <trkpt lat="42.952680" lon="11.424724">
        <ele>141.750971</ele>
        <time>2026-08-17T09:59:06.257Z</time>
      </trkpt>
      <trkpt lat="42.952695" lon="11.424915">
        <ele>141.462298</ele>
        <time>2026-08-17T09:59:08.037Z</time>
      </trkpt>
      <trkpt lat="42.952736" lon="11.425000">
        <ele>141.309320</ele>
        <time>2026-08-17T09:59:08.969Z</time>
      </trkpt>
      <trkpt lat="42.952885" lon="11.425102">
        <ele>140.967145</ele>
        <time>2026-08-17T09:59:11.030Z</time>
      </trkpt>
      <trkpt lat="42.953455" lon="11.425128">
        <ele>139.681321</ele>
        <time>2026-08-17T09:59:17.803Z</time>
      </trkpt>
      <trkpt lat="42.953714" lon="11.425143">
        <ele>138.334021</ele>
        <time>2026-08-17T09:59:20.774Z</time>
      </trkpt>
      <trkpt lat="42.954147" lon="11.425191">
        <ele>136.076213</ele>
        <time>2026-08-17T09:59:25.665Z</time>
      </trkpt>
      <trkpt lat="42.954408" lon="11.425372">
        <ele>134.555002</ele>
        <time>2026-08-17T09:59:29.002Z</time>
      </trkpt>
      <trkpt lat="42.954738" lon="11.425647">
        <ele>132.546074</ele>
        <time>2026-08-17T09:59:33.525Z</time>
      </trkpt>
      <trkpt lat="42.955007" lon="11.425879">
        <ele>130.892785</ele>
        <time>2026-08-17T09:59:37.300Z</time>
      </trkpt>
      <trkpt lat="42.955268" lon="11.426024">
        <ele>129.412987</ele>
        <time>2026-08-17T09:59:40.637Z</time>
      </trkpt>
      <trkpt lat="42.955519" lon="11.426049">
        <ele>128.086532</ele>
        <time>2026-08-17T09:59:43.606Z</time>
      </trkpt>
      <trkpt lat="42.955816" lon="11.426022">
        <ele>126.517673</ele>
        <time>2026-08-17T09:59:47.114Z</time>
      </trkpt>
      <trkpt lat="42.956162" lon="11.425934">
        <ele>124.662687</ele>
        <time>2026-08-17T09:59:51.242Z</time>
      </trkpt>
      <trkpt lat="42.956935" lon="11.425583">
        <ele>120.269647</ele>
        <time>2026-08-17T10:00:00.530Z</time>
      </trkpt>
      <trkpt lat="42.957419" lon="11.425521">
        <ele>117.328272</ele>
        <time>2026-08-17T10:00:05.879Z</time>
      </trkpt>
      <trkpt lat="42.958460" lon="11.425528">
        <ele>111.029427</ele>
        <time>2026-08-17T10:00:17.540Z</time>
      </trkpt>
      <trkpt lat="42.959047" lon="11.425548">
        <ele>108.851598</ele>
        <time>2026-08-17T10:00:24.478Z</time>
      </trkpt>
      <trkpt lat="42.962331" lon="11.425657">
        <ele>101.402177</ele>
        <time>2026-08-17T10:01:08.836Z</time>
      </trkpt>
      <trkpt lat="42.962676" lon="11.425672">
        <ele>101.455019</ele>
        <time>2026-08-17T10:01:14.216Z</time>
      </trkpt>
      <trkpt lat="42.964084" lon="11.425722">
        <ele>101.857417</ele>
        <time>2026-08-17T10:01:42.002Z</time>
      </trkpt>
      <trkpt lat="42.964592" lon="11.425795">
        <ele>103.042587</ele>
        <time>2026-08-17T10:01:55.435Z</time>
      </trkpt>
      <trkpt lat="42.964637" lon="11.425807">
        <ele>103.148966</ele>
        <time>2026-08-17T10:01:56.777Z</time>
      </trkpt>
      <trkpt lat="42.965069" lon="11.425913">
        <ele>104.167330</ele>
        <time>2026-08-17T10:02:09.960Z</time>
      </trkpt>
      <trkpt lat="42.965097" lon="11.426031">
        <ele>104.377948</ele>
        <time>2026-08-17T10:02:12.690Z</time>
      </trkpt>
      <trkpt lat="42.965165" lon="11.426130">
        <ele>104.608484</ele>
        <time>2026-08-17T10:02:15.797Z</time>
      </trkpt>
      <trkpt lat="42.965700" lon="11.426517">
        <ele>105.938385</ele>
        <time>2026-08-17T10:02:34.256Z</time>
      </trkpt>
      <trkpt lat="42.965933" lon="11.426726">
        <ele>106.320429</ele>
        <time>2026-08-17T10:02:42.160Z</time>
      </trkpt>
      <trkpt lat="42.966034" lon="11.426907">
        <ele>106.548748</ele>
        <time>2026-08-17T10:02:46.593Z</time>
      </trkpt>
      <trkpt lat="42.966053" lon="11.426975">
        <ele>106.621760</ele>
        <time>2026-08-17T10:02:47.992Z</time>
      </trkpt>
      <trkpt lat="42.966427" lon="11.428379">
        <ele>108.120470</ele>
        <time>2026-08-17T10:03:11.497Z</time>
      </trkpt>
      <trkpt lat="42.966463" lon="11.428658">
        <ele>108.284689</ele>
        <time>2026-08-17T10:03:15.351Z</time>
      </trkpt>
      <trkpt lat="42.966358" lon="11.429471">
        <ele>108.196787</ele>
        <time>2026-08-17T10:03:25.831Z</time>
      </trkpt>
      <trkpt lat="42.966359" lon="11.429917">
        <ele>108.149299</ele>
        <time>2026-08-17T10:03:31.137Z</time>
      </trkpt>
      <trkpt lat="42.966386" lon="11.430136">
        <ele>108.125653</ele>
        <time>2026-08-17T10:03:36.073Z</time>
      </trkpt>
      <trkpt lat="42.966560" lon="11.431336">
        <ele>108.121386</ele>
        <time>2026-08-17T10:04:03.166Z</time>
      </trkpt>
      <trkpt lat="42.966582" lon="11.431657">
        <ele>108.197704</ele>
        <time>2026-08-17T10:04:10.236Z</time>
      </trkpt>
      <trkpt lat="42.966555" lon="11.431948">
        <ele>108.267140</ele>
        <time>2026-08-17T10:04:16.634Z</time>
      </trkpt>
      <trkpt lat="42.966389" lon="11.433725">
        <ele>109.093455</ele>
        <time>2026-08-17T10:05:02.422Z</time>
      </trkpt>
      <trkpt lat="42.966381" lon="11.434006">
        <ele>109.517693</ele>
        <time>2026-08-17T10:05:11.923Z</time>
      </trkpt>
      <trkpt lat="42.966412" lon="11.434325">
        <ele>110.003163</ele>
        <time>2026-08-17T10:05:22.575Z</time>
      </trkpt>
      <trkpt lat="42.966542" lon="11.434639">
        <ele>110.547427</ele>
        <time>2026-08-17T10:05:34.152Z</time>
      </trkpt>
      <trkpt lat="42.966943" lon="11.435093">
        <ele>111.620994</ele>
        <time>2026-08-17T10:05:50.619Z</time>
      </trkpt>
      <trkpt lat="42.966979" lon="11.435170">
        <ele>111.758841</ele>
        <time>2026-08-17T10:05:52.690Z</time>
      </trkpt>
      <trkpt lat="42.967032" lon="11.435346">
        <ele>112.045957</ele>
        <time>2026-08-17T10:05:56.963Z</time>
      </trkpt>
      <trkpt lat="42.967122" lon="11.435611">
        <ele>112.370548</ele>
        <time>2026-08-17T10:06:03.157Z</time>
      </trkpt>
      <trkpt lat="42.967359" lon="11.435991">
        <ele>112.584511</ele>
        <time>2026-08-17T10:06:12.129Z</time>
      </trkpt>
      <trkpt lat="42.967414" lon="11.436175">
        <ele>112.669684</ele>
        <time>2026-08-17T10:06:15.101Z</time>
      </trkpt>
      <trkpt lat="42.967453" lon="11.436562">
        <ele>112.837088</ele>
        <time>2026-08-17T10:06:20.313Z</time>
      </trkpt>
      <trkpt lat="42.967572" lon="11.437182">
        <ele>113.111759</ele>
        <time>2026-08-17T10:06:29.655Z</time>
      </trkpt>
      <trkpt lat="42.967492" lon="11.438012">
        <ele>113.335850</ele>
        <time>2026-08-17T10:06:43.593Z</time>
      </trkpt>
      <trkpt lat="42.967485" lon="11.438577">
        <ele>113.226312</ele>
        <time>2026-08-17T10:06:52.640Z</time>
      </trkpt>
      <trkpt lat="42.967486" lon="11.438726">
        <ele>113.197428</ele>
        <time>2026-08-17T10:06:54.976Z</time>
      </trkpt>
      <trkpt lat="42.967485" lon="11.439316">
        <ele>113.083059</ele>
        <time>2026-08-17T10:07:03.749Z</time>
      </trkpt>
      <trkpt lat="42.967382" lon="11.440227">
        <ele>112.904370</ele>
        <time>2026-08-17T10:07:15.798Z</time>
      </trkpt>
      <trkpt lat="42.967442" lon="11.440876">
        <ele>112.578480</ele>
        <time>2026-08-17T10:07:23.512Z</time>
      </trkpt>
      <trkpt lat="42.967441" lon="11.441153">
        <ele>112.438400</ele>
        <time>2026-08-17T10:07:26.861Z</time>
      </trkpt>
      <trkpt lat="42.967402" lon="11.441309">
        <ele>112.355033</ele>
        <time>2026-08-17T10:07:28.899Z</time>
      </trkpt>
      <trkpt lat="42.967227" lon="11.441764">
        <ele>112.095091</ele>
        <time>2026-08-17T10:07:35.372Z</time>
      </trkpt>
      <trkpt lat="42.966962" lon="11.444004">
        <ele>114.731765</ele>
        <time>2026-08-17T10:08:11.791Z</time>
      </trkpt>
      <trkpt lat="42.966902" lon="11.444801">
        <ele>116.484028</ele>
        <time>2026-08-17T10:08:36.557Z</time>
      </trkpt>
      <trkpt lat="42.967178" lon="11.444987">
        <ele>118.105314</ele>
        <time>2026-08-17T10:08:52.108Z</time>
      </trkpt>
      <trkpt lat="42.967429" lon="11.444985">
        <ele>120.278881</ele>
        <time>2026-08-17T10:09:05.782Z</time>
      </trkpt>
      <trkpt lat="42.967619" lon="11.444925">
        <ele>121.967538</ele>
        <time>2026-08-17T10:09:17.025Z</time>
      </trkpt>
      <trkpt lat="42.967725" lon="11.444945">
        <ele>122.894150</ele>
        <time>2026-08-17T10:09:23.647Z</time>
      </trkpt>
      <trkpt lat="42.967815" lon="11.445017">
        <ele>123.797219</ele>
        <time>2026-08-17T10:09:30.316Z</time>
      </trkpt>
      <trkpt lat="42.967973" lon="11.445430">
        <ele>126.750256</ele>
        <time>2026-08-17T10:09:53.346Z</time>
      </trkpt>
      <trkpt lat="42.968094" lon="11.445525">
        <ele>127.958659</ele>
        <time>2026-08-17T10:10:02.494Z</time>
      </trkpt>
      <trkpt lat="42.968256" lon="11.445570">
        <ele>129.390180</ele>
        <time>2026-08-17T10:10:13.093Z</time>
      </trkpt>
      <trkpt lat="42.968392" lon="11.445529">
        <ele>130.596184</ele>
        <time>2026-08-17T10:10:21.737Z</time>
      </trkpt>
      <trkpt lat="42.968500" lon="11.445533">
        <ele>131.531752</ele>
        <time>2026-08-17T10:10:28.349Z</time>
      </trkpt>
      <trkpt lat="42.968612" lon="11.445642">
        <ele>132.703729</ele>
        <time>2026-08-17T10:10:36.532Z</time>
      </trkpt>
      <trkpt lat="42.968751" lon="11.445976">
        <ele>134.736246</ele>
        <time>2026-08-17T10:10:52.754Z</time>
      </trkpt>
      <trkpt lat="42.968853" lon="11.446420">
        <ele>137.197893</ele>
        <time>2026-08-17T10:11:11.532Z</time>
      </trkpt>
      <trkpt lat="42.968973" lon="11.446604">
        <ele>138.501673</ele>
        <time>2026-08-17T10:11:21.159Z</time>
      </trkpt>
      <trkpt lat="42.969086" lon="11.446675">
        <ele>139.400754</ele>
        <time>2026-08-17T10:11:27.673Z</time>
      </trkpt>
      <trkpt lat="42.969411" lon="11.446879">
        <ele>141.986156</ele>
        <time>2026-08-17T10:11:45.736Z</time>
      </trkpt>
      <trkpt lat="42.969468" lon="11.446975">
        <ele>142.640109</ele>
        <time>2026-08-17T10:11:50.106Z</time>
      </trkpt>
      <trkpt lat="42.969496" lon="11.447081">
        <ele>143.236226</ele>
        <time>2026-08-17T10:11:54.078Z</time>
      </trkpt>
      <trkpt lat="42.969537" lon="11.447670">
        <ele>146.270173</ele>
        <time>2026-08-17T10:12:14.091Z</time>
      </trkpt>
      <trkpt lat="42.969598" lon="11.447811">
        <ele>147.026648</ele>
        <time>2026-08-17T10:12:19.471Z</time>
      </trkpt>
      <trkpt lat="42.970015" lon="11.448273">
        <ele>150.414760</ele>
        <time>2026-08-17T10:12:43.686Z</time>
      </trkpt>
      <trkpt lat="42.970255" lon="11.448435">
        <ele>152.104213</ele>
        <time>2026-08-17T10:12:56.264Z</time>
      </trkpt>
      <trkpt lat="42.970648" lon="11.448799">
        <ele>155.100607</ele>
        <time>2026-08-17T10:13:19.708Z</time>
      </trkpt>
      <trkpt lat="42.971089" lon="11.449208">
        <ele>158.780571</ele>
        <time>2026-08-17T10:13:47.626Z</time>
      </trkpt>
      <trkpt lat="42.971666" lon="11.449600">
        <ele>163.704572</ele>
        <time>2026-08-17T10:14:23.104Z</time>
      </trkpt>
      <trkpt lat="42.972378" lon="11.450106">
        <ele>169.837101</ele>
        <time>2026-08-17T10:15:07.206Z</time>
      </trkpt>
      <trkpt lat="42.972502" lon="11.450166">
        <ele>170.855592</ele>
        <time>2026-08-17T10:15:14.366Z</time>
      </trkpt>
      <trkpt lat="42.972918" lon="11.450176">
        <ele>174.351328</ele>
        <time>2026-08-17T10:15:37.279Z</time>
      </trkpt>
      <trkpt lat="42.972995" lon="11.450212">
        <ele>175.035082</ele>
        <time>2026-08-17T10:15:41.798Z</time>
      </trkpt>
      <trkpt lat="42.973062" lon="11.450298">
        <ele>175.807346</ele>
        <time>2026-08-17T10:15:46.917Z</time>
      </trkpt>
      <trkpt lat="42.973085" lon="11.450410">
        <ele>176.522467</ele>
        <time>2026-08-17T10:15:51.642Z</time>
      </trkpt>
      <trkpt lat="42.973083" lon="11.451036">
        <ele>180.370814</ele>
        <time>2026-08-17T10:16:17.974Z</time>
      </trkpt>
      <trkpt lat="42.973114" lon="11.451180">
        <ele>181.293570</ele>
        <time>2026-08-17T10:16:24.435Z</time>
      </trkpt>
      <trkpt lat="42.973181" lon="11.451300">
        <ele>182.221514</ele>
        <time>2026-08-17T10:16:31.012Z</time>
      </trkpt>
      <trkpt lat="42.973273" lon="11.451352">
        <ele>183.057982</ele>
        <time>2026-08-17T10:16:36.917Z</time>
      </trkpt>
      <trkpt lat="42.973363" lon="11.451353">
        <ele>183.814180</ele>
        <time>2026-08-17T10:16:42.364Z</time>
      </trkpt>
      <trkpt lat="42.973459" lon="11.451287">
        <ele>184.717061</ele>
        <time>2026-08-17T10:16:48.915Z</time>
      </trkpt>
      <trkpt lat="42.973520" lon="11.451178">
        <ele>185.560663</ele>
        <time>2026-08-17T10:16:55.012Z</time>
      </trkpt>
      <trkpt lat="42.973611" lon="11.450839">
        <ele>187.797726</ele>
        <time>2026-08-17T10:17:11.524Z</time>
      </trkpt>
      <trkpt lat="42.973761" lon="11.450569">
        <ele>189.900131</ele>
        <time>2026-08-17T10:17:27.180Z</time>
      </trkpt>
      <trkpt lat="42.973881" lon="11.450438">
        <ele>191.201864</ele>
        <time>2026-08-17T10:17:36.874Z</time>
      </trkpt>
      <trkpt lat="42.973994" lon="11.450364">
        <ele>192.263910</ele>
        <time>2026-08-17T10:17:44.672Z</time>
      </trkpt>
      <trkpt lat="42.974086" lon="11.450348">
        <ele>193.049983</ele>
        <time>2026-08-17T10:17:50.418Z</time>
      </trkpt>
      <trkpt lat="42.974156" lon="11.450370">
        <ele>193.658782</ele>
        <time>2026-08-17T10:17:54.810Z</time>
      </trkpt>
      <trkpt lat="42.974320" lon="11.450538">
        <ele>195.395933</ele>
        <time>2026-08-17T10:18:07.122Z</time>
      </trkpt>
      <trkpt lat="42.974402" lon="11.450573">
        <ele>196.124063</ele>
        <time>2026-08-17T10:18:12.178Z</time>
      </trkpt>
      <trkpt lat="42.974795" lon="11.450576">
        <ele>199.455152</ele>
        <time>2026-08-17T10:18:34.183Z</time>
      </trkpt>
      <trkpt lat="42.975016" lon="11.450622">
        <ele>201.242937</ele>
        <time>2026-08-17T10:18:46.014Z</time>
      </trkpt>
      <trkpt lat="42.976155" lon="11.451076">
        <ele>207.510264</ele>
        <time>2026-08-17T10:19:39.808Z</time>
      </trkpt>
      <trkpt lat="42.977116" lon="11.451558">
        <ele>211.790249</ele>
        <time>2026-08-17T10:20:17.780Z</time>
      </trkpt>
      <trkpt lat="42.978919" lon="11.452664">
        <ele>216.054966</ele>
        <time>2026-08-17T10:21:17.798Z</time>
      </trkpt>
      <trkpt lat="42.979268" lon="11.453022">
        <ele>216.436167</ele>
        <time>2026-08-17T10:21:27.432Z</time>
      </trkpt>
      <trkpt lat="42.979441" lon="11.453250">
        <ele>216.646114</ele>
        <time>2026-08-17T10:21:32.195Z</time>
      </trkpt>
      <trkpt lat="42.979976" lon="11.454272">
        <ele>217.526014</ele>
        <time>2026-08-17T10:21:49.742Z</time>
      </trkpt>
      <trkpt lat="42.980275" lon="11.454990">
        <ele>218.164444</ele>
        <time>2026-08-17T10:22:03.275Z</time>
      </trkpt>
      <trkpt lat="42.980842" lon="11.455986">
        <ele>219.472290</ele>
        <time>2026-08-17T10:22:29.612Z</time>
      </trkpt>
      <trkpt lat="42.981293" lon="11.456527">
        <ele>221.445345</ele>
        <time>2026-08-17T10:22:50.010Z</time>
      </trkpt>
      <trkpt lat="42.981888" lon="11.457337">
        <ele>224.206602</ele>
        <time>2026-08-17T10:23:19.494Z</time>
      </trkpt>
      <trkpt lat="42.982181" lon="11.457674">
        <ele>226.030012</ele>
        <time>2026-08-17T10:23:34.193Z</time>
      </trkpt>
      <trkpt lat="42.982397" lon="11.457742">
        <ele>227.481463</ele>
        <time>2026-08-17T10:23:43.221Z</time>
      </trkpt>
      <trkpt lat="42.982832" lon="11.457895">
        <ele>230.422741</ele>
        <time>2026-08-17T10:24:03.343Z</time>
      </trkpt>
      <trkpt lat="42.983089" lon="11.457923">
        <ele>232.110981</ele>
        <time>2026-08-17T10:24:15.805Z</time>
      </trkpt>
      <trkpt lat="42.984835" lon="11.458314">
        <ele>247.393448</ele>
        <time>2026-08-17T10:26:01.239Z</time>
      </trkpt>
      <trkpt lat="42.985390" lon="11.458403">
        <ele>252.979055</ele>
        <time>2026-08-17T10:26:40.974Z</time>
      </trkpt>
      <trkpt lat="42.985489" lon="11.458406">
        <ele>253.968864</ele>
        <time>2026-08-17T10:26:48.231Z</time>
      </trkpt>
      <trkpt lat="42.985909" lon="11.458284">
        <ele>259.370650</ele>
        <time>2026-08-17T10:27:20.530Z</time>
      </trkpt>
      <trkpt lat="42.986398" lon="11.458247">
        <ele>265.772045</ele>
        <time>2026-08-17T10:28:00.080Z</time>
      </trkpt>
      <trkpt lat="42.987046" lon="11.458258">
        <ele>274.242564</ele>
        <time>2026-08-17T10:28:54.231Z</time>
      </trkpt>
      <trkpt lat="42.987281" lon="11.458342">
        <ele>277.417464</ele>
        <time>2026-08-17T10:29:13.731Z</time>
      </trkpt>
      <trkpt lat="42.987405" lon="11.458475">
        <ele>279.290193</ele>
        <time>2026-08-17T10:29:25.986Z</time>
      </trkpt>
      <trkpt lat="42.987481" lon="11.458712">
        <ele>281.411792</ele>
        <time>2026-08-17T10:29:40.606Z</time>
      </trkpt>
      <trkpt lat="42.987543" lon="11.458797">
        <ele>282.395934</ele>
        <time>2026-08-17T10:29:47.377Z</time>
      </trkpt>
      <trkpt lat="42.987635" lon="11.458840">
        <ele>283.485673</ele>
        <time>2026-08-17T10:29:54.788Z</time>
      </trkpt>
      <trkpt lat="42.987975" lon="11.458909">
        <ele>287.338159</ele>
        <time>2026-08-17T10:30:20.678Z</time>
      </trkpt>
      <trkpt lat="42.988046" lon="11.458972">
        <ele>288.286860</ele>
        <time>2026-08-17T10:30:26.899Z</time>
      </trkpt>
      <trkpt lat="42.988042" lon="11.459048">
        <ele>288.911566</ele>
        <time>2026-08-17T10:30:31.027Z</time>
      </trkpt>
      <trkpt lat="42.988006" lon="11.459091">
        <ele>289.447372</ele>
        <time>2026-08-17T10:30:34.441Z</time>
      </trkpt>
      <trkpt lat="42.987803" lon="11.459121">
        <ele>291.735855</ele>
        <time>2026-08-17T10:30:48.367Z</time>
      </trkpt>
      <trkpt lat="42.987403" lon="11.459428">
        <ele>296.877293</ele>
        <time>2026-08-17T10:31:16.928Z</time>
      </trkpt>
      <trkpt lat="42.987172" lon="11.459738">
        <ele>300.273524</ele>
        <time>2026-08-17T10:31:36.251Z</time>
      </trkpt>
      <trkpt lat="42.987090" lon="11.459888">
        <ele>301.645782</ele>
        <time>2026-08-17T10:31:44.303Z</time>
      </trkpt>
      <trkpt lat="42.987018" lon="11.460140">
        <ele>303.628339</ele>
        <time>2026-08-17T10:31:56.413Z</time>
      </trkpt>
      <trkpt lat="42.986982" lon="11.460331">
        <ele>305.073733</ele>
        <time>2026-08-17T10:32:05.608Z</time>
      </trkpt>
      <trkpt lat="42.986984" lon="11.460377">
        <ele>305.411423</ele>
        <time>2026-08-17T10:32:07.739Z</time>
      </trkpt>
      <trkpt lat="42.987014" lon="11.460415">
        <ele>305.821139</ele>
        <time>2026-08-17T10:32:10.382Z</time>
      </trkpt>
      <trkpt lat="42.987061" lon="11.460401">
        <ele>306.303027</ele>
        <time>2026-08-17T10:32:13.494Z</time>
      </trkpt>
      <trkpt lat="42.987209" lon="11.460191">
        <ele>308.439959</ele>
        <time>2026-08-17T10:32:27.201Z</time>
      </trkpt>
      <trkpt lat="42.987401" lon="11.460050">
        <ele>310.623357</ele>
        <time>2026-08-17T10:32:41.201Z</time>
      </trkpt>
      <trkpt lat="42.987519" lon="11.460006">
        <ele>311.848651</ele>
        <time>2026-08-17T10:32:49.025Z</time>
      </trkpt>
      <trkpt lat="42.987632" lon="11.460002">
        <ele>312.981050</ele>
        <time>2026-08-17T10:32:56.583Z</time>
      </trkpt>
      <trkpt lat="42.988021" lon="11.460111">
        <ele>316.991086</ele>
        <time>2026-08-17T10:33:25.203Z</time>
      </trkpt>
      <trkpt lat="42.988543" lon="11.460308">
        <ele>322.697300</ele>
        <time>2026-08-17T10:34:04.884Z</time>
      </trkpt>
      <trkpt lat="42.988850" lon="11.460546">
        <ele>326.416199</ele>
        <time>2026-08-17T10:34:29.512Z</time>
      </trkpt>
      <trkpt lat="42.989103" lon="11.460830">
        <ele>329.865704</ele>
        <time>2026-08-17T10:34:51.050Z</time>
      </trkpt>
      <trkpt lat="42.989211" lon="11.460914">
        <ele>331.175020</ele>
        <time>2026-08-17T10:34:58.943Z</time>
      </trkpt>
      <trkpt lat="42.989363" lon="11.460922">
        <ele>332.777875</ele>
        <time>2026-08-17T10:35:08.690Z</time>
      </trkpt>
      <trkpt lat="42.990125" lon="11.460930">
        <ele>341.010025</ele>
        <time>2026-08-17T10:35:55.861Z</time>
      </trkpt>
      <trkpt lat="42.990207" lon="11.460954">
        <ele>341.926113</ele>
        <time>2026-08-17T10:36:01.048Z</time>
      </trkpt>
      <trkpt lat="42.990284" lon="11.461000">
        <ele>342.844086</ele>
        <time>2026-08-17T10:36:06.321Z</time>
      </trkpt>
      <trkpt lat="42.990457" lon="11.461191">
        <ele>345.273302</ele>
        <time>2026-08-17T10:36:21.050Z</time>
      </trkpt>
      <trkpt lat="42.990631" lon="11.461326">
        <ele>347.458895</ele>
        <time>2026-08-17T10:36:35.093Z</time>
      </trkpt>
      <trkpt lat="42.990764" lon="11.461351">
        <ele>348.925490</ele>
        <time>2026-08-17T10:36:44.841Z</time>
      </trkpt>
      <trkpt lat="42.990837" lon="11.461322">
        <ele>349.755947</ele>
        <time>2026-08-17T10:36:50.476Z</time>
      </trkpt>
      <trkpt lat="42.990909" lon="11.461246">
        <ele>350.749656</ele>
        <time>2026-08-17T10:36:57.303Z</time>
      </trkpt>
      <trkpt lat="42.990994" lon="11.460872">
        <ele>353.879101</ele>
        <time>2026-08-17T10:37:19.507Z</time>
      </trkpt>
      <trkpt lat="42.991102" lon="11.460771">
        <ele>355.309518</ele>
        <time>2026-08-17T10:37:29.935Z</time>
      </trkpt>
      <trkpt lat="42.991292" lon="11.460691">
        <ele>357.487093</ele>
        <time>2026-08-17T10:37:45.884Z</time>
      </trkpt>
      <trkpt lat="42.991376" lon="11.460683">
        <ele>358.409393</ele>
        <time>2026-08-17T10:37:52.629Z</time>
      </trkpt>
      <trkpt lat="42.991606" lon="11.460753">
        <ele>360.990302</ele>
        <time>2026-08-17T10:38:11.394Z</time>
      </trkpt>
      <trkpt lat="42.991701" lon="11.460698">
        <ele>362.120313</ele>
        <time>2026-08-17T10:38:19.346Z</time>
      </trkpt>
      <trkpt lat="42.991730" lon="11.460648">
        <ele>362.631554</ele>
        <time>2026-08-17T10:38:22.897Z</time>
      </trkpt>
      <trkpt lat="42.991774" lon="11.460215">
        <ele>366.133958</ele>
        <time>2026-08-17T10:38:45.721Z</time>
      </trkpt>
      <trkpt lat="42.991836" lon="11.460055">
        <ele>367.584610</ele>
        <time>2026-08-17T10:38:54.660Z</time>
      </trkpt>
      <trkpt lat="42.991937" lon="11.459814">
        <ele>369.809905</ele>
        <time>2026-08-17T10:39:07.918Z</time>
      </trkpt>
      <trkpt lat="42.992053" lon="11.459649">
        <ele>371.643443</ele>
        <time>2026-08-17T10:39:18.550Z</time>
      </trkpt>
      <trkpt lat="42.992293" lon="11.459442">
        <ele>374.705110</ele>
        <time>2026-08-17T10:39:35.826Z</time>
      </trkpt>
      <trkpt lat="42.992580" lon="11.459270">
        <ele>376.665381</ele>
        <time>2026-08-17T10:39:53.379Z</time>
      </trkpt>
      <trkpt lat="42.993370" lon="11.458989">
        <ele>381.771805</ele>
        <time>2026-08-17T10:40:31.520Z</time>
      </trkpt>
      <trkpt lat="42.994056" lon="11.458698">
        <ele>386.390022</ele>
        <time>2026-08-17T10:41:00.287Z</time>
      </trkpt>
      <trkpt lat="42.994544" lon="11.458444">
        <ele>390.760027</ele>
        <time>2026-08-17T10:41:25.029Z</time>
      </trkpt>
      <trkpt lat="42.994749" lon="11.458446">
        <ele>392.475711</ele>
        <time>2026-08-17T10:41:36.275Z</time>
      </trkpt>
      <trkpt lat="42.994850" lon="11.458489">
        <ele>393.361011</ele>
        <time>2026-08-17T10:41:42.650Z</time>
      </trkpt>
      <trkpt lat="42.995067" lon="11.458657">
        <ele>395.448024</ele>
        <time>2026-08-17T10:41:58.996Z</time>
      </trkpt>
      <trkpt lat="42.995170" lon="11.458778">
        <ele>396.584524</ele>
        <time>2026-08-17T10:42:08.731Z</time>
      </trkpt>
      <trkpt lat="42.995303" lon="11.459050">
        <ele>398.587274</ele>
        <time>2026-08-17T10:42:26.484Z</time>
      </trkpt>
      <trkpt lat="42.995365" lon="11.459191">
        <ele>399.594321</ele>
        <time>2026-08-17T10:42:35.749Z</time>
      </trkpt>
      <trkpt lat="42.995642" lon="11.460078">
        <ele>402.893651</ele>
        <time>2026-08-17T10:43:19.680Z</time>
      </trkpt>
      <trkpt lat="42.995698" lon="11.460560">
        <ele>404.171286</ele>
        <time>2026-08-17T10:43:33.101Z</time>
      </trkpt>
      <trkpt lat="42.995803" lon="11.460572">
        <ele>404.548417</ele>
        <time>2026-08-17T10:43:35.642Z</time>
      </trkpt>
      <trkpt lat="42.996262" lon="11.460319">
        <ele>406.319768</ele>
        <time>2026-08-17T10:43:44.399Z</time>
      </trkpt>
      <trkpt lat="42.996463" lon="11.459910">
        <ele>407.561357</ele>
        <time>2026-08-17T10:43:49.040Z</time>
      </trkpt>
      <trkpt lat="42.996591" lon="11.459673">
        <ele>408.166407</ele>
        <time>2026-08-17T10:43:51.742Z</time>
      </trkpt>
      <trkpt lat="42.996751" lon="11.459415">
        <ele>408.861095</ele>
        <time>2026-08-17T10:43:55.435Z</time>
      </trkpt>
      <trkpt lat="42.996870" lon="11.459162">
        <ele>409.478852</ele>
        <time>2026-08-17T10:44:00.509Z</time>
      </trkpt>
      <trkpt lat="42.997035" lon="11.458627">
        <ele>410.671270</ele>
        <time>2026-08-17T10:44:15.856Z</time>
      </trkpt>
      <trkpt lat="42.997260" lon="11.458666">
        <ele>411.308113</ele>
        <time>2026-08-17T10:44:25.943Z</time>
      </trkpt>
      <trkpt lat="42.997565" lon="11.458562">
        <ele>412.190765</ele>
        <time>2026-08-17T10:44:40.693Z</time>
      </trkpt>
      <trkpt lat="42.997926" lon="11.458343">
        <ele>413.680333</ele>
        <time>2026-08-17T10:44:59.308Z</time>
      </trkpt>
      <trkpt lat="42.998477" lon="11.458009">
        <ele>416.118314</ele>
        <time>2026-08-17T10:45:25.645Z</time>
      </trkpt>
      <trkpt lat="42.998766" lon="11.457935">
        <ele>417.307627</ele>
        <time>2026-08-17T10:45:35.739Z</time>
      </trkpt>
      <trkpt lat="42.999575" lon="11.457776">
        <ele>419.791459</ele>
        <time>2026-08-17T10:45:55.037Z</time>
      </trkpt>
      <trkpt lat="43.000384" lon="11.457760">
        <ele>420.082505</ele>
        <time>2026-08-17T10:46:08.474Z</time>
      </trkpt>
      <trkpt lat="43.000594" lon="11.457781">
        <ele>420.158249</ele>
        <time>2026-08-17T10:46:11.964Z</time>
      </trkpt>
      <trkpt lat="43.000899" lon="11.457941">
        <ele>420.275762</ele>
        <time>2026-08-17T10:46:17.596Z</time>
      </trkpt>
      <trkpt lat="43.001483" lon="11.458456">
        <ele>420.656222</ele>
        <time>2026-08-17T10:46:31.288Z</time>
      </trkpt>
      <trkpt lat="43.001918" lon="11.458840">
        <ele>420.987550</ele>
        <time>2026-08-17T10:46:42.935Z</time>
      </trkpt>
      <trkpt lat="43.002333" lon="11.459323">
        <ele>421.336284</ele>
        <time>2026-08-17T10:46:54.560Z</time>
      </trkpt>
      <trkpt lat="43.002543" lon="11.459680">
        <ele>421.409790</ele>
        <time>2026-08-17T10:47:00.910Z</time>
      </trkpt>
      <trkpt lat="43.002691" lon="11.459962">
        <ele>421.020812</ele>
        <time>2026-08-17T10:47:05.017Z</time>
      </trkpt>
      <trkpt lat="43.002831" lon="11.460310">
        <ele>420.575714</ele>
        <time>2026-08-17T10:47:09.333Z</time>
      </trkpt>
      <trkpt lat="43.002931" lon="11.460676">
        <ele>420.137868</ele>
        <time>2026-08-17T10:47:13.331Z</time>
      </trkpt>
      <trkpt lat="43.003005" lon="11.461227">
        <ele>419.510067</ele>
        <time>2026-08-17T10:47:18.820Z</time>
      </trkpt>
      <trkpt lat="43.003040" lon="11.462134">
        <ele>418.434022</ele>
        <time>2026-08-17T10:47:27.481Z</time>
      </trkpt>
      <trkpt lat="43.003014" lon="11.462285">
        <ele>418.221376</ele>
        <time>2026-08-17T10:47:30.425Z</time>
      </trkpt>
      <trkpt lat="43.003033" lon="11.462506">
        <ele>417.916349</ele>
        <time>2026-08-17T10:47:34.673Z</time>
      </trkpt>
      <trkpt lat="43.003079" lon="11.462695">
        <ele>417.643302</ele>
        <time>2026-08-17T10:47:38.524Z</time>
      </trkpt>
      <trkpt lat="43.003166" lon="11.462881">
        <ele>417.340650</ele>
        <time>2026-08-17T10:47:42.849Z</time>
      </trkpt>
      <trkpt lat="43.003321" lon="11.463075">
        <ele>416.946790</ele>
        <time>2026-08-17T10:47:48.563Z</time>
      </trkpt>
      <trkpt lat="43.003534" lon="11.463192">
        <ele>416.516537</ele>
        <time>2026-08-17T10:47:54.964Z</time>
      </trkpt>
      <trkpt lat="43.003647" lon="11.463266">
        <ele>416.281694</ele>
        <time>2026-08-17T10:47:58.563Z</time>
      </trkpt>
      <trkpt lat="43.004208" lon="11.463820">
        <ele>414.859515</ele>
        <time>2026-08-17T10:48:10.701Z</time>
      </trkpt>
      <trkpt lat="43.004530" lon="11.463970">
        <ele>414.020991</ele>
        <time>2026-08-17T10:48:16.412Z</time>
      </trkpt>
      <trkpt lat="43.004638" lon="11.464055">
        <ele>413.713825</ele>
        <time>2026-08-17T10:48:18.410Z</time>
      </trkpt>
      <trkpt lat="43.004718" lon="11.464178">
        <ele>413.417093</ele>
        <time>2026-08-17T10:48:20.310Z</time>
      </trkpt>
      <trkpt lat="43.004781" lon="11.464385">
        <ele>413.012920</ele>
        <time>2026-08-17T10:48:22.803Z</time>
      </trkpt>
      <trkpt lat="43.004817" lon="11.464692">
        <ele>412.452438</ele>
        <time>2026-08-17T10:48:26.157Z</time>
      </trkpt>
      <trkpt lat="43.004817" lon="11.464921">
        <ele>412.039632</ele>
        <time>2026-08-17T10:48:28.570Z</time>
      </trkpt>
      <trkpt lat="43.004685" lon="11.465412">
        <ele>411.096620</ele>
        <time>2026-08-17T10:48:33.894Z</time>
      </trkpt>
      <trkpt lat="43.004625" lon="11.465924">
        <ele>409.229996</ele>
        <time>2026-08-17T10:48:38.996Z</time>
      </trkpt>
      <trkpt lat="43.004647" lon="11.467061">
        <ele>404.749128</ele>
        <time>2026-08-17T10:48:49.981Z</time>
      </trkpt>
      <trkpt lat="43.004759" lon="11.467754">
        <ele>401.953128</ele>
        <time>2026-08-17T10:48:56.662Z</time>
      </trkpt>
      <trkpt lat="43.004750" lon="11.467893">
        <ele>401.403386</ele>
        <time>2026-08-17T10:48:57.971Z</time>
      </trkpt>
      <trkpt lat="43.004697" lon="11.468126">
        <ele>400.423250</ele>
        <time>2026-08-17T10:49:00.259Z</time>
      </trkpt>
      <trkpt lat="43.004648" lon="11.468218">
        <ele>399.964528</ele>
        <time>2026-08-17T10:49:01.320Z</time>
      </trkpt>
      <trkpt lat="43.004463" lon="11.468310">
        <ele>398.879590</ele>
        <time>2026-08-17T10:49:03.846Z</time>
      </trkpt>
      <trkpt lat="43.003974" lon="11.468346">
        <ele>396.180621</ele>
        <time>2026-08-17T10:49:10.154Z</time>
      </trkpt>
      <trkpt lat="43.003875" lon="11.468395">
        <ele>395.600351</ele>
        <time>2026-08-17T10:49:11.486Z</time>
      </trkpt>
      <trkpt lat="43.003777" lon="11.468564">
        <ele>394.731040</ele>
        <time>2026-08-17T10:49:13.494Z</time>
      </trkpt>
      <trkpt lat="43.003685" lon="11.468788">
        <ele>393.695563</ele>
        <time>2026-08-17T10:49:15.912Z</time>
      </trkpt>
      <trkpt lat="43.003588" lon="11.470038">
        <ele>390.458315</ele>
        <time>2026-08-17T10:49:28.851Z</time>
      </trkpt>
      <trkpt lat="43.003380" lon="11.470785">
        <ele>389.406080</ele>
        <time>2026-08-17T10:49:38.461Z</time>
      </trkpt>
      <trkpt lat="43.003293" lon="11.471179">
        <ele>388.864282</ele>
        <time>2026-08-17T10:49:43.742Z</time>
      </trkpt>
      <trkpt lat="43.003215" lon="11.471818">
        <ele>388.063185</ele>
        <time>2026-08-17T10:49:52.229Z</time>
      </trkpt>
      <trkpt lat="43.003122" lon="11.472154">
        <ele>387.844128</ele>
        <time>2026-08-17T10:49:56.864Z</time>
      </trkpt>
      <trkpt lat="43.003134" lon="11.472741">
        <ele>387.486068</ele>
        <time>2026-08-17T10:50:04.484Z</time>
      </trkpt>
      <trkpt lat="43.003084" lon="11.473298">
        <ele>387.143891</ele>
        <time>2026-08-17T10:50:12.374Z</time>
      </trkpt>
      <trkpt lat="43.003106" lon="11.473690">
        <ele>386.904168</ele>
        <time>2026-08-17T10:50:17.458Z</time>
      </trkpt>
      <trkpt lat="43.003183" lon="11.473880">
        <ele>386.771717</ele>
        <time>2026-08-17T10:50:20.038Z</time>
      </trkpt>
      <trkpt lat="43.003252" lon="11.473980">
        <ele>386.687887</ele>
        <time>2026-08-17T10:50:21.608Z</time>
      </trkpt>
      <trkpt lat="43.003624" lon="11.474272">
        <ele>385.614830</ele>
        <time>2026-08-17T10:50:28.037Z</time>
      </trkpt>
      <trkpt lat="43.003687" lon="11.474432">
        <ele>385.218808</ele>
        <time>2026-08-17T10:50:30.014Z</time>
      </trkpt>
      <trkpt lat="43.003656" lon="11.474563">
        <ele>384.918742</ele>
        <time>2026-08-17T10:50:31.494Z</time>
      </trkpt>
      <trkpt lat="43.003614" lon="11.474628">
        <ele>384.729714</ele>
        <time>2026-08-17T10:50:32.428Z</time>
      </trkpt>
      <trkpt lat="43.003500" lon="11.474712">
        <ele>384.343807</ele>
        <time>2026-08-17T10:50:34.323Z</time>
      </trkpt>
      <trkpt lat="43.002995" lon="11.474911">
        <ele>382.777649</ele>
        <time>2026-08-17T10:50:41.815Z</time>
      </trkpt>
      <trkpt lat="43.001307" lon="11.476161">
        <ele>376.329298</ele>
        <time>2026-08-17T10:51:08.892Z</time>
      </trkpt>
      <trkpt lat="43.001139" lon="11.476288">
        <ele>375.657901</ele>
        <time>2026-08-17T10:51:11.693Z</time>
      </trkpt>
      <trkpt lat="43.001043" lon="11.476358">
        <ele>375.277384</ele>
        <time>2026-08-17T10:51:13.246Z</time>
      </trkpt>
      <trkpt lat="43.000946" lon="11.476397">
        <ele>374.923559</ele>
        <time>2026-08-17T10:51:14.706Z</time>
      </trkpt>
      <trkpt lat="43.000834" lon="11.476350">
        <ele>374.511295</ele>
        <time>2026-08-17T10:51:16.389Z</time>
      </trkpt>
      <trkpt lat="43.000733" lon="11.476251">
        <ele>374.073994</ele>
        <time>2026-08-17T10:51:18.154Z</time>
      </trkpt>
      <trkpt lat="43.000176" lon="11.475094">
        <ele>370.509168</ele>
        <time>2026-08-17T10:51:32.417Z</time>
      </trkpt>
      <trkpt lat="42.999425" lon="11.473960">
        <ele>367.722210</ele>
        <time>2026-08-17T10:51:48.208Z</time>
      </trkpt>
      <trkpt lat="42.999244" lon="11.473807">
        <ele>367.392287</ele>
        <time>2026-08-17T10:51:51.451Z</time>
      </trkpt>
      <trkpt lat="42.998713" lon="11.473675">
        <ele>366.555519</ele>
        <time>2026-08-17T10:52:00.114Z</time>
      </trkpt>
      <trkpt lat="42.997964" lon="11.473467">
        <ele>366.667932</ele>
        <time>2026-08-17T10:52:17.012Z</time>
      </trkpt>
      <trkpt lat="42.997748" lon="11.473361">
        <ele>367.296524</ele>
        <time>2026-08-17T10:52:24.073Z</time>
      </trkpt>
      <trkpt lat="42.997222" lon="11.473002">
        <ele>368.906799</ele>
        <time>2026-08-17T10:52:44.718Z</time>
      </trkpt>
      <trkpt lat="42.997075" lon="11.472947">
        <ele>369.324245</ele>
        <time>2026-08-17T10:52:50.575Z</time>
      </trkpt>
      <trkpt lat="42.997000" lon="11.472948">
        <ele>369.529685</ele>
        <time>2026-08-17T10:52:53.575Z</time>
      </trkpt>
      <trkpt lat="42.996924" lon="11.472990">
        <ele>369.754215</ele>
        <time>2026-08-17T10:52:56.859Z</time>
      </trkpt>
      <trkpt lat="42.995950" lon="11.474428">
        <ele>370.186326</ele>
        <time>2026-08-17T10:53:44.614Z</time>
      </trkpt>
      <trkpt lat="42.995541" lon="11.474800">
        <ele>369.918675</ele>
        <time>2026-08-17T10:53:51.683Z</time>
      </trkpt>
      <trkpt lat="42.995458" lon="11.474845">
        <ele>369.870026</ele>
        <time>2026-08-17T10:53:52.851Z</time>
      </trkpt>
      <trkpt lat="42.995352" lon="11.474846">
        <ele>369.812270</ele>
        <time>2026-08-17T10:53:54.221Z</time>
      </trkpt>
      <trkpt lat="42.994431" lon="11.474739">
        <ele>360.005306</ele>
        <time>2026-08-17T10:54:05.239Z</time>
      </trkpt>
      <trkpt lat="42.994133" lon="11.474984">
        <ele>356.123929</ele>
        <time>2026-08-17T10:54:09.237Z</time>
      </trkpt>
      <trkpt lat="42.993806" lon="11.475198">
        <ele>352.077336</ele>
        <time>2026-08-17T10:54:13.400Z</time>
      </trkpt>
      <trkpt lat="42.993587" lon="11.475454">
        <ele>349.038259</ele>
        <time>2026-08-17T10:54:16.705Z</time>
      </trkpt>
      <trkpt lat="42.993514" lon="11.475617">
        <ele>347.803582</ele>
        <time>2026-08-17T10:54:18.318Z</time>
      </trkpt>
      <trkpt lat="42.993333" lon="11.476232">
        <ele>343.521150</ele>
        <time>2026-08-17T10:54:23.946Z</time>
      </trkpt>
      <trkpt lat="42.993095" lon="11.476927">
        <ele>338.563759</ele>
        <time>2026-08-17T10:54:30.721Z</time>
      </trkpt>
      <trkpt lat="42.993058" lon="11.477169">
        <ele>336.966651</ele>
        <time>2026-08-17T10:54:33.052Z</time>
      </trkpt>
      <trkpt lat="42.993094" lon="11.477550">
        <ele>334.484939</ele>
        <time>2026-08-17T10:54:36.951Z</time>
      </trkpt>
      <trkpt lat="42.993150" lon="11.477711">
        <ele>333.527274</ele>
        <time>2026-08-17T10:54:38.996Z</time>
      </trkpt>
      <trkpt lat="42.993306" lon="11.477936">
        <ele>332.316244</ele>
        <time>2026-08-17T10:54:43.195Z</time>
      </trkpt>
      <trkpt lat="42.993556" lon="11.478121">
        <ele>330.798071</ele>
        <time>2026-08-17T10:54:48.372Z</time>
      </trkpt>
      <trkpt lat="42.993827" lon="11.478308">
        <ele>329.176882</ele>
        <time>2026-08-17T10:54:52.996Z</time>
      </trkpt>
      <trkpt lat="42.993942" lon="11.478343">
        <ele>328.547682</ele>
        <time>2026-08-17T10:54:54.622Z</time>
      </trkpt>
      <trkpt lat="42.994132" lon="11.478349">
        <ele>327.532701</ele>
        <time>2026-08-17T10:54:57.165Z</time>
      </trkpt>
      <trkpt lat="42.994265" lon="11.478428">
        <ele>326.758266</ele>
        <time>2026-08-17T10:54:59.025Z</time>
      </trkpt>
      <trkpt lat="42.994311" lon="11.478503">
        <ele>326.375929</ele>
        <time>2026-08-17T10:54:59.913Z</time>
      </trkpt>
      <trkpt lat="42.994317" lon="11.478616">
        <ele>325.933366</ele>
        <time>2026-08-17T10:55:00.956Z</time>
      </trkpt>
      <trkpt lat="42.994271" lon="11.478750">
        <ele>325.355149</ele>
        <time>2026-08-17T10:55:02.267Z</time>
      </trkpt>
      <trkpt lat="42.993978" lon="11.479192">
        <ele>321.558024</ele>
        <time>2026-08-17T10:55:07.415Z</time>
      </trkpt>
      <trkpt lat="42.993804" lon="11.479529">
        <ele>317.965642</ele>
        <time>2026-08-17T10:55:10.877Z</time>
      </trkpt>
      <trkpt lat="42.993694" lon="11.479832">
        <ele>315.019754</ele>
        <time>2026-08-17T10:55:13.673Z</time>
      </trkpt>
      <trkpt lat="42.993694" lon="11.480035">
        <ele>313.251887</ele>
        <time>2026-08-17T10:55:15.349Z</time>
      </trkpt>
      <trkpt lat="42.993800" lon="11.480640">
        <ele>307.834073</ele>
        <time>2026-08-17T10:55:20.586Z</time>
      </trkpt>
      <trkpt lat="42.993853" lon="11.481299">
        <ele>302.532130</ele>
        <time>2026-08-17T10:55:26.389Z</time>
      </trkpt>
      <trkpt lat="42.993704" lon="11.482021">
        <ele>300.149920</ele>
        <time>2026-08-17T10:55:33.394Z</time>
      </trkpt>
      <trkpt lat="42.993695" lon="11.482299">
        <ele>299.266270</ele>
        <time>2026-08-17T10:55:36.124Z</time>
      </trkpt>
      <trkpt lat="42.993749" lon="11.482489">
        <ele>298.618980</ele>
        <time>2026-08-17T10:55:38.180Z</time>
      </trkpt>
      <trkpt lat="42.994096" lon="11.483383">
        <ele>295.405144</ele>
        <time>2026-08-17T10:55:49.502Z</time>
      </trkpt>
      <trkpt lat="42.994211" lon="11.483647">
        <ele>295.015522</ele>
        <time>2026-08-17T10:55:53.795Z</time>
      </trkpt>
      <trkpt lat="42.994317" lon="11.483821">
        <ele>295.042887</ele>
        <time>2026-08-17T10:55:57.436Z</time>
      </trkpt>
      <trkpt lat="42.994452" lon="11.483989">
        <ele>295.073048</ele>
        <time>2026-08-17T10:56:01.575Z</time>
      </trkpt>
      <trkpt lat="42.994681" lon="11.484112">
        <ele>295.113699</ele>
        <time>2026-08-17T10:56:06.843Z</time>
      </trkpt>
      <trkpt lat="42.994947" lon="11.484210">
        <ele>295.159215</ele>
        <time>2026-08-17T10:56:12.964Z</time>
      </trkpt>
      <trkpt lat="42.995105" lon="11.484314">
        <ele>295.188188</ele>
        <time>2026-08-17T10:56:16.981Z</time>
      </trkpt>
      <trkpt lat="42.995312" lon="11.484613">
        <ele>295.237940</ele>
        <time>2026-08-17T10:56:23.565Z</time>
      </trkpt>
      <trkpt lat="42.995424" lon="11.484881">
        <ele>295.275240</ele>
        <time>2026-08-17T10:56:27.968Z</time>
      </trkpt>
      <trkpt lat="42.995439" lon="11.485041">
        <ele>295.274330</ele>
        <time>2026-08-17T10:56:30.206Z</time>
      </trkpt>
      <trkpt lat="42.995443" lon="11.485159">
        <ele>295.205984</ele>
        <time>2026-08-17T10:56:31.841Z</time>
      </trkpt>
      <trkpt lat="42.995414" lon="11.485374">
        <ele>295.079491</ele>
        <time>2026-08-17T10:56:34.869Z</time>
      </trkpt>
      <trkpt lat="42.995366" lon="11.485461">
        <ele>295.016439</ele>
        <time>2026-08-17T10:56:36.359Z</time>
      </trkpt>
      <trkpt lat="42.995299" lon="11.485505">
        <ele>294.957641</ele>
        <time>2026-08-17T10:56:37.823Z</time>
      </trkpt>
      <trkpt lat="42.995219" lon="11.485498">
        <ele>294.894228</ele>
        <time>2026-08-17T10:56:39.333Z</time>
      </trkpt>
      <trkpt lat="42.995015" lon="11.485359">
        <ele>294.713923</ele>
        <time>2026-08-17T10:56:43.563Z</time>
      </trkpt>
      <trkpt lat="42.994895" lon="11.485366">
        <ele>294.618910</ele>
        <time>2026-08-17T10:56:45.609Z</time>
      </trkpt>
      <trkpt lat="42.994612" lon="11.485492">
        <ele>294.383470</ele>
        <time>2026-08-17T10:56:50.788Z</time>
      </trkpt>
      <trkpt lat="42.994141" lon="11.485740">
        <ele>293.984208</ele>
        <time>2026-08-17T10:56:59.081Z</time>
      </trkpt>
      <trkpt lat="42.993045" lon="11.485754">
        <ele>292.713889</ele>
        <time>2026-08-17T10:57:15.946Z</time>
      </trkpt>
      <trkpt lat="42.992809" lon="11.485935">
        <ele>292.384915</ele>
        <time>2026-08-17T10:57:20.032Z</time>
      </trkpt>
      <trkpt lat="42.992242" lon="11.486783">
        <ele>291.942693</ele>
        <time>2026-08-17T10:57:36.242Z</time>
      </trkpt>
      <trkpt lat="42.992140" lon="11.486991">
        <ele>292.125179</ele>
        <time>2026-08-17T10:57:41.057Z</time>
      </trkpt>
      <trkpt lat="42.992092" lon="11.487296">
        <ele>292.352525</ele>
        <time>2026-08-17T10:57:47.632Z</time>
      </trkpt>
      <trkpt lat="42.992006" lon="11.487877">
        <ele>292.784494</ele>
        <time>2026-08-17T10:58:00.371Z</time>
      </trkpt>
      <trkpt lat="42.991926" lon="11.488666">
        <ele>293.364953</ele>
        <time>2026-08-17T10:58:15.983Z</time>
      </trkpt>
      <trkpt lat="42.991897" lon="11.489053">
        <ele>293.094904</ele>
        <time>2026-08-17T10:58:21.387Z</time>
      </trkpt>
      <trkpt lat="42.991552" lon="11.491080">
        <ele>289.808636</ele>
        <time>2026-08-17T10:58:44.060Z</time>
      </trkpt>
      <trkpt lat="42.991532" lon="11.491214">
        <ele>289.592681</ele>
        <time>2026-08-17T10:58:45.469Z</time>
      </trkpt>
      <trkpt lat="42.991281" lon="11.492672">
        <ele>285.358278</ele>
        <time>2026-08-17T10:59:00.683Z</time>
      </trkpt>
      <trkpt lat="42.990947" lon="11.494271">
        <ele>281.510397</ele>
        <time>2026-08-17T10:59:17.390Z</time>
      </trkpt>
      <trkpt lat="42.990594" lon="11.495743">
        <ele>279.019992</ele>
        <time>2026-08-17T10:59:34.823Z</time>
      </trkpt>
      <trkpt lat="42.990094" lon="11.497321">
        <ele>278.394980</ele>
        <time>2026-08-17T11:00:04.122Z</time>
      </trkpt>
      <trkpt lat="42.990016" lon="11.498153">
        <ele>278.234772</ele>
        <time>2026-08-17T11:00:15.030Z</time>
      </trkpt>
      <trkpt lat="42.990013" lon="11.498403">
        <ele>277.877527</ele>
        <time>2026-08-17T11:00:17.912Z</time>
      </trkpt>
      <trkpt lat="42.990064" lon="11.498614">
        <ele>277.344708</ele>
        <time>2026-08-17T11:00:20.349Z</time>
      </trkpt>
      <trkpt lat="42.990120" lon="11.498723">
        <ele>277.025337</ele>
        <time>2026-08-17T11:00:21.749Z</time>
      </trkpt>
      <trkpt lat="42.991337" lon="11.500553">
        <ele>271.445231</ele>
        <time>2026-08-17T11:00:46.854Z</time>
      </trkpt>
      <trkpt lat="42.991521" lon="11.500753">
        <ele>270.895242</ele>
        <time>2026-08-17T11:00:50.532Z</time>
      </trkpt>
      <trkpt lat="42.991952" lon="11.501035">
        <ele>269.777297</ele>
        <time>2026-08-17T11:00:58.265Z</time>
      </trkpt>
      <trkpt lat="42.992038" lon="11.501120">
        <ele>269.529007</ele>
        <time>2026-08-17T11:00:59.991Z</time>
      </trkpt>
      <trkpt lat="42.992080" lon="11.501224">
        <ele>269.325699</ele>
        <time>2026-08-17T11:01:01.402Z</time>
      </trkpt>
      <trkpt lat="42.992087" lon="11.501347">
        <ele>269.114565</ele>
        <time>2026-08-17T11:01:02.884Z</time>
      </trkpt>
      <trkpt lat="42.991885" lon="11.502005">
        <ele>267.813740</ele>
        <time>2026-08-17T11:01:11.231Z</time>
      </trkpt>
      <trkpt lat="42.991415" lon="11.503363">
        <ele>264.297186</ele>
        <time>2026-08-17T11:01:26.800Z</time>
      </trkpt>
      <trkpt lat="42.991290" lon="11.503641">
        <ele>263.533350</ele>
        <time>2026-08-17T11:01:30.086Z</time>
      </trkpt>
      <trkpt lat="42.991103" lon="11.503970">
        <ele>262.558080</ele>
        <time>2026-08-17T11:01:34.348Z</time>
      </trkpt>
      <trkpt lat="42.990703" lon="11.505014">
        <ele>260.710713</ele>
        <time>2026-08-17T11:01:46.928Z</time>
      </trkpt>
      <trkpt lat="42.990416" lon="11.505691">
        <ele>259.532525</ele>
        <time>2026-08-17T11:01:55.869Z</time>
      </trkpt>
      <trkpt lat="42.990217" lon="11.506018">
        <ele>258.892034</ele>
        <time>2026-08-17T11:02:01.185Z</time>
      </trkpt>
      <trkpt lat="42.990155" lon="11.506180">
        <ele>258.689483</ele>
        <time>2026-08-17T11:02:03.585Z</time>
      </trkpt>
      <trkpt lat="42.990122" lon="11.506359">
        <ele>258.993651</ele>
        <time>2026-08-17T11:02:06.109Z</time>
      </trkpt>
      <trkpt lat="42.990070" lon="11.507002">
        <ele>260.059603</ele>
        <time>2026-08-17T11:02:15.149Z</time>
      </trkpt>
      <trkpt lat="42.989962" lon="11.507175">
        <ele>260.434364</ele>
        <time>2026-08-17T11:02:18.825Z</time>
      </trkpt>
      <trkpt lat="42.989761" lon="11.507370">
        <ele>260.989566</ele>
        <time>2026-08-17T11:02:25.265Z</time>
      </trkpt>
      <trkpt lat="42.989645" lon="11.507625">
        <ele>261.484368</ele>
        <time>2026-08-17T11:02:32.547Z</time>
      </trkpt>
      <trkpt lat="42.989543" lon="11.507943">
        <ele>262.056516</ele>
        <time>2026-08-17T11:02:41.971Z</time>
      </trkpt>
      <trkpt lat="42.989478" lon="11.508704">
        <ele>264.794331</ele>
        <time>2026-08-17T11:03:06.420Z</time>
      </trkpt>
      <trkpt lat="42.989371" lon="11.509696">
        <ele>270.404977</ele>
        <time>2026-08-17T11:03:50.191Z</time>
      </trkpt>
      <trkpt lat="42.989384" lon="11.510021">
        <ele>272.226196</ele>
        <time>2026-08-17T11:04:05.825Z</time>
      </trkpt>
      <trkpt lat="42.989559" lon="11.511121">
        <ele>276.638040</ele>
        <time>2026-08-17T11:04:51.269Z</time>
      </trkpt>
      <trkpt lat="42.989573" lon="11.511207">
        <ele>276.680169</ele>
        <time>2026-08-17T11:04:53.956Z</time>
      </trkpt>
      <trkpt lat="42.989650" lon="11.511506">
        <ele>276.831743</ele>
        <time>2026-08-17T11:05:02.418Z</time>
      </trkpt>
      <trkpt lat="42.989774" lon="11.511657">
        <ele>276.940297</ele>
        <time>2026-08-17T11:05:07.224Z</time>
      </trkpt>
      <trkpt lat="42.989841" lon="11.511693">
        <ele>276.987356</ele>
        <time>2026-08-17T11:05:08.971Z</time>
      </trkpt>
      <trkpt lat="42.991451" lon="11.512171">
        <ele>277.728777</ele>
        <time>2026-08-17T11:05:32.598Z</time>
      </trkpt>
      <trkpt lat="42.991735" lon="11.512259">
        <ele>277.769485</ele>
        <time>2026-08-17T11:05:37.489Z</time>
      </trkpt>
      <trkpt lat="42.991809" lon="11.512304">
        <ele>277.780807</ele>
        <time>2026-08-17T11:05:39.109Z</time>
      </trkpt>
      <trkpt lat="42.991903" lon="11.512425">
        <ele>277.798856</ele>
        <time>2026-08-17T11:05:42.022Z</time>
      </trkpt>
      <trkpt lat="42.992064" lon="11.512872">
        <ele>277.849804</ele>
        <time>2026-08-17T11:05:52.423Z</time>
      </trkpt>
      <trkpt lat="42.992140" lon="11.512982">
        <ele>277.865276</ele>
        <time>2026-08-17T11:05:57.677Z</time>
      </trkpt>
      <trkpt lat="42.992301" lon="11.513095">
        <ele>277.958289</ele>
        <time>2026-08-17T11:06:07.050Z</time>
      </trkpt>
      <trkpt lat="42.992797" lon="11.513291">
        <ele>281.007191</ele>
        <time>2026-08-17T11:06:37.976Z</time>
      </trkpt>
      <trkpt lat="42.993029" lon="11.513449">
        <ele>282.537778</ele>
        <time>2026-08-17T11:06:54.098Z</time>
      </trkpt>
      <trkpt lat="42.993629" lon="11.513983">
        <ele>286.765534</ele>
        <time>2026-08-17T11:07:37.680Z</time>
      </trkpt>
      <trkpt lat="42.993827" lon="11.514077">
        <ele>288.003262</ele>
        <time>2026-08-17T11:07:50.014Z</time>
      </trkpt>
      <trkpt lat="42.994031" lon="11.514025">
        <ele>289.291827</ele>
        <time>2026-08-17T11:08:02.308Z</time>
      </trkpt>
      <trkpt lat="42.994463" lon="11.513787">
        <ele>292.283967</ele>
        <time>2026-08-17T11:08:29.216Z</time>
      </trkpt>
      <trkpt lat="42.995070" lon="11.513379">
        <ele>296.629284</ele>
        <time>2026-08-17T11:09:09.757Z</time>
      </trkpt>
      <trkpt lat="42.995198" lon="11.513314">
        <ele>297.506480</ele>
        <time>2026-08-17T11:09:18.413Z</time>
      </trkpt>
      <trkpt lat="42.995372" lon="11.513288">
        <ele>298.630962</ele>
        <time>2026-08-17T11:09:29.366Z</time>
      </trkpt>
      <trkpt lat="42.995944" lon="11.513418">
        <ele>303.315866</ele>
        <time>2026-08-17T11:09:57.117Z</time>
      </trkpt>
      <trkpt lat="42.996357" lon="11.513599">
        <ele>307.269474</ele>
        <time>2026-08-17T11:10:21.423Z</time>
      </trkpt>
      <trkpt lat="42.996771" lon="11.513694">
        <ele>311.096294</ele>
        <time>2026-08-17T11:10:48.085Z</time>
      </trkpt>
      <trkpt lat="42.996843" lon="11.513767">
        <ele>311.913421</ele>
        <time>2026-08-17T11:10:53.996Z</time>
      </trkpt>
      <trkpt lat="42.996930" lon="11.513929">
        <ele>313.253439</ele>
        <time>2026-08-17T11:11:03.663Z</time>
      </trkpt>
      <trkpt lat="42.997013" lon="11.514178">
        <ele>315.077903</ele>
        <time>2026-08-17T11:11:16.575Z</time>
      </trkpt>
      <trkpt lat="42.997116" lon="11.514527">
        <ele>317.483675</ele>
        <time>2026-08-17T11:11:33.688Z</time>
      </trkpt>
      <trkpt lat="42.997248" lon="11.514849">
        <ele>319.718553</ele>
        <time>2026-08-17T11:11:50.668Z</time>
      </trkpt>
      <trkpt lat="42.997325" lon="11.515153">
        <ele>321.666351</ele>
        <time>2026-08-17T11:12:05.667Z</time>
      </trkpt>
      <trkpt lat="42.997333" lon="11.515427">
        <ele>323.326589</ele>
        <time>2026-08-17T11:12:17.575Z</time>
      </trkpt>
      <trkpt lat="42.997195" lon="11.516492">
        <ele>329.874987</ele>
        <time>2026-08-17T11:12:57.249Z</time>
      </trkpt>
      <trkpt lat="42.997130" lon="11.516761">
        <ele>331.519156</ele>
        <time>2026-08-17T11:13:06.076Z</time>
      </trkpt>
      <trkpt lat="42.997043" lon="11.516989">
        <ele>332.613412</ele>
        <time>2026-08-17T11:13:13.948Z</time>
      </trkpt>
      <trkpt lat="42.996827" lon="11.517394">
        <ele>334.746244</ele>
        <time>2026-08-17T11:13:29.601Z</time>
      </trkpt>
      <trkpt lat="42.996638" lon="11.517613">
        <ele>336.187572</ele>
        <time>2026-08-17T11:13:40.517Z</time>
      </trkpt>
      <trkpt lat="42.996452" lon="11.517777">
        <ele>337.475187</ele>
        <time>2026-08-17T11:13:50.565Z</time>
      </trkpt>
      <trkpt lat="42.996093" lon="11.518003">
        <ele>339.774540</ele>
        <time>2026-08-17T11:14:09.109Z</time>
      </trkpt>
      <trkpt lat="42.995920" lon="11.518186">
        <ele>341.047085</ele>
        <time>2026-08-17T11:14:18.514Z</time>
      </trkpt>
      <trkpt lat="42.995575" lon="11.518652">
        <ele>342.197945</ele>
        <time>2026-08-17T11:14:36.928Z</time>
      </trkpt>
      <trkpt lat="42.995384" lon="11.518937">
        <ele>342.504489</ele>
        <time>2026-08-17T11:14:46.012Z</time>
      </trkpt>
      <trkpt lat="42.995278" lon="11.518970">
        <ele>342.622361</ele>
        <time>2026-08-17T11:14:49.185Z</time>
      </trkpt>
      <trkpt lat="42.995114" lon="11.519088">
        <ele>342.823299</ele>
        <time>2026-08-17T11:14:54.214Z</time>
      </trkpt>
      <trkpt lat="42.994877" lon="11.519507">
        <ele>343.243351</ele>
        <time>2026-08-17T11:15:02.519Z</time>
      </trkpt>
      <trkpt lat="42.994797" lon="11.519608">
        <ele>343.361416</ele>
        <time>2026-08-17T11:15:04.042Z</time>
      </trkpt>
      <trkpt lat="42.994877" lon="11.519507">
        <ele>343.479481</ele>
        <time>2026-08-17T11:15:05.450Z</time>
      </trkpt>
      <trkpt lat="42.995114" lon="11.519088">
        <ele>342.894650</ele>
        <time>2026-08-17T11:15:10.094Z</time>
      </trkpt>
      <trkpt lat="42.995278" lon="11.518970">
        <ele>341.589465</ele>
        <time>2026-08-17T11:15:12.275Z</time>
      </trkpt>
      <trkpt lat="42.995384" lon="11.518937">
        <ele>340.823825</ele>
        <time>2026-08-17T11:15:13.583Z</time>
      </trkpt>
      <trkpt lat="42.995483" lon="11.518957">
        <ele>340.119024</ele>
        <time>2026-08-17T11:15:14.752Z</time>
      </trkpt>
      <trkpt lat="42.995562" lon="11.519019">
        <ele>339.477501</ele>
        <time>2026-08-17T11:15:15.813Z</time>
      </trkpt>
      <trkpt lat="42.995833" lon="11.519510">
        <ele>336.308987</ele>
        <time>2026-08-17T11:15:20.851Z</time>
      </trkpt>
      <trkpt lat="42.996165" lon="11.520085">
        <ele>332.535424</ele>
        <time>2026-08-17T11:15:26.496Z</time>
      </trkpt>
      <trkpt lat="42.996310" lon="11.520205">
        <ele>331.341722</ele>
        <time>2026-08-17T11:15:28.259Z</time>
      </trkpt>
      <trkpt lat="42.996581" lon="11.520231">
        <ele>329.033475</ele>
        <time>2026-08-17T11:15:31.104Z</time>
      </trkpt>
      <trkpt lat="42.996768" lon="11.520172">
        <ele>327.362136</ele>
        <time>2026-08-17T11:15:33.114Z</time>
      </trkpt>
      <trkpt lat="42.997239" lon="11.519845">
        <ele>322.761788</ele>
        <time>2026-08-17T11:15:38.591Z</time>
      </trkpt>
      <trkpt lat="42.998006" lon="11.519298">
        <ele>315.402061</ele>
        <time>2026-08-17T11:15:47.826Z</time>
      </trkpt>
      <trkpt lat="43.000337" lon="11.517631">
        <ele>314.426535</ele>
        <time>2026-08-17T11:16:31.303Z</time>
      </trkpt>
      <trkpt lat="43.000508" lon="11.517444">
        <ele>314.792388</ele>
        <time>2026-08-17T11:16:37.904Z</time>
      </trkpt>
      <trkpt lat="43.000578" lon="11.517273">
        <ele>315.031850</ele>
        <time>2026-08-17T11:16:42.313Z</time>
      </trkpt>
      <trkpt lat="43.000566" lon="11.517160">
        <ele>315.171380</ele>
        <time>2026-08-17T11:16:44.912Z</time>
      </trkpt>
      <trkpt lat="43.000455" lon="11.516813">
        <ele>315.634189</ele>
        <time>2026-08-17T11:16:53.790Z</time>
      </trkpt>
      <trkpt lat="42.999991" lon="11.515482">
        <ele>319.608631</ele>
        <time>2026-08-17T11:17:33.030Z</time>
      </trkpt>
      <trkpt lat="43.000511" lon="11.515588">
        <ele>321.818253</ele>
        <time>2026-08-17T11:18:00.876Z</time>
      </trkpt>
      <trkpt lat="43.000741" lon="11.515666">
        <ele>322.814191</ele>
        <time>2026-08-17T11:18:14.172Z</time>
      </trkpt>
      <trkpt lat="43.001089" lon="11.515599">
        <ele>324.179245</ele>
        <time>2026-08-17T11:18:34.805Z</time>
      </trkpt>
      <trkpt lat="43.001327" lon="11.515485">
        <ele>325.076480</ele>
        <time>2026-08-17T11:18:48.999Z</time>
      </trkpt>
      <trkpt lat="43.001947" lon="11.515068">
        <ele>327.534798</ele>
        <time>2026-08-17T11:19:24.017Z</time>
      </trkpt>
      <trkpt lat="43.002046" lon="11.515023">
        <ele>327.905983</ele>
        <time>2026-08-17T11:19:29.042Z</time>
      </trkpt>
      <trkpt lat="43.002125" lon="11.515026">
        <ele>328.187166</ele>
        <time>2026-08-17T11:19:32.925Z</time>
      </trkpt>
      <trkpt lat="43.002291" lon="11.514749">
        <ele>329.118997</ele>
        <time>2026-08-17T11:19:44.879Z</time>
      </trkpt>
      <trkpt lat="43.003023" lon="11.513960">
        <ele>331.389896</ele>
        <time>2026-08-17T11:20:23.247Z</time>
      </trkpt>
      <trkpt lat="43.003244" lon="11.513640">
        <ele>332.051268</ele>
        <time>2026-08-17T11:20:36.779Z</time>
      </trkpt>
      <trkpt lat="43.003778" lon="11.513123">
        <ele>333.395666</ele>
        <time>2026-08-17T11:21:05.517Z</time>
      </trkpt>
      <trkpt lat="43.004470" lon="11.512967">
        <ele>335.173961</ele>
        <time>2026-08-17T11:21:35.987Z</time>
      </trkpt>
      <trkpt lat="43.004738" lon="11.512825">
        <ele>335.933295</ele>
        <time>2026-08-17T11:21:48.831Z</time>
      </trkpt>
      <trkpt lat="43.004953" lon="11.512630">
        <ele>336.614898</ele>
        <time>2026-08-17T11:22:00.673Z</time>
      </trkpt>
      <trkpt lat="43.005163" lon="11.512484">
        <ele>337.237295</ele>
        <time>2026-08-17T11:22:11.718Z</time>
      </trkpt>
      <trkpt lat="43.005750" lon="11.512122">
        <ele>339.201318</ele>
        <time>2026-08-17T11:22:42.756Z</time>
      </trkpt>
      <trkpt lat="43.006133" lon="11.511577">
        <ele>341.385847</ele>
        <time>2026-08-17T11:23:09.504Z</time>
      </trkpt>
      <trkpt lat="43.006310" lon="11.511231">
        <ele>342.606212</ele>
        <time>2026-08-17T11:23:24.336Z</time>
      </trkpt>
      <trkpt lat="43.006355" lon="11.511055">
        <ele>343.145065</ele>
        <time>2026-08-17T11:23:31.101Z</time>
      </trkpt>
      <trkpt lat="43.006410" lon="11.510653">
        <ele>344.327044</ele>
        <time>2026-08-17T11:23:46.889Z</time>
      </trkpt>
      <trkpt lat="43.006435" lon="11.510544">
        <ele>344.657196</ele>
        <time>2026-08-17T11:23:51.705Z</time>
      </trkpt>
      <trkpt lat="43.006427" lon="11.510350">
        <ele>345.218766</ele>
        <time>2026-08-17T11:23:59.746Z</time>
      </trkpt>
      <trkpt lat="43.006352" lon="11.510289">
        <ele>345.624556</ele>
        <time>2026-08-17T11:24:04.690Z</time>
      </trkpt>
      <trkpt lat="43.006127" lon="11.510443">
        <ele>347.919890</ele>
        <time>2026-08-17T11:24:20.308Z</time>
      </trkpt>
      <trkpt lat="43.006050" lon="11.510440">
        <ele>348.622614</ele>
        <time>2026-08-17T11:24:24.948Z</time>
      </trkpt>
      <trkpt lat="43.005880" lon="11.510333">
        <ele>350.329845</ele>
        <time>2026-08-17T11:24:36.808Z</time>
      </trkpt>
      <trkpt lat="43.005656" lon="11.510316">
        <ele>352.376449</ele>
        <time>2026-08-17T11:24:51.640Z</time>
      </trkpt>
      <trkpt lat="43.005291" lon="11.510171">
        <ele>355.843858</ele>
        <time>2026-08-17T11:25:19.540Z</time>
      </trkpt>
      <trkpt lat="43.005204" lon="11.510053">
        <ele>356.961714</ele>
        <time>2026-08-17T11:25:29.854Z</time>
      </trkpt>
      <trkpt lat="43.005214" lon="11.509984">
        <ele>357.430984</ele>
        <time>2026-08-17T11:25:34.300Z</time>
      </trkpt>
      <trkpt lat="43.005338" lon="11.509708">
        <ele>359.591976</ele>
        <time>2026-08-17T11:25:55.111Z</time>
      </trkpt>
      <trkpt lat="43.005499" lon="11.509170">
        <ele>364.205435</ele>
        <time>2026-08-17T11:26:35.224Z</time>
      </trkpt>
      <trkpt lat="43.005563" lon="11.509045">
        <ele>365.708089</ele>
        <time>2026-08-17T11:26:46.025Z</time>
      </trkpt>
      <trkpt lat="43.005884" lon="11.508638">
        <ele>371.602872</ele>
        <time>2026-08-17T11:27:29.022Z</time>
      </trkpt>
      <trkpt lat="43.006242" lon="11.508088">
        <ele>378.853718</ele>
        <time>2026-08-17T11:28:22.530Z</time>
      </trkpt>
      <trkpt lat="43.006444" lon="11.507409">
        <ele>386.072245</ele>
        <time>2026-08-17T11:29:13.019Z</time>
      </trkpt>
      <trkpt lat="43.006759" lon="11.506736">
        <ele>392.559837</ele>
        <time>2026-08-17T11:30:04.068Z</time>
      </trkpt>
      <trkpt lat="43.006916" lon="11.506457">
        <ele>395.412365</ele>
        <time>2026-08-17T11:30:25.410Z</time>
      </trkpt>
      <trkpt lat="43.006895" lon="11.506286">
        <ele>396.817340</ele>
        <time>2026-08-17T11:30:35.802Z</time>
      </trkpt>
      <trkpt lat="43.006791" lon="11.506056">
        <ele>399.008475</ele>
        <time>2026-08-17T11:30:51.711Z</time>
      </trkpt>
      <trkpt lat="43.006445" lon="11.504978">
        <ele>408.649244</ele>
        <time>2026-08-17T11:32:00.244Z</time>
      </trkpt>
      <trkpt lat="43.006377" lon="11.504863">
        <ele>409.896846</ele>
        <time>2026-08-17T11:32:08.813Z</time>
      </trkpt>
      <trkpt lat="43.006283" lon="11.504767">
        <ele>411.250261</ele>
        <time>2026-08-17T11:32:18.025Z</time>
      </trkpt>
      <trkpt lat="43.006224" lon="11.504746">
        <ele>411.953558</ele>
        <time>2026-08-17T11:32:23.004Z</time>
      </trkpt>
      <trkpt lat="43.005623" lon="11.505009">
        <ele>419.232995</ele>
        <time>2026-08-17T11:33:16.364Z</time>
      </trkpt>
      <trkpt lat="43.005257" lon="11.505074">
        <ele>423.490599</ele>
        <time>2026-08-17T11:33:49.206Z</time>
      </trkpt>
      <trkpt lat="43.004499" lon="11.504962">
        <ele>433.016928</ele>
        <time>2026-08-17T11:35:01.930Z</time>
      </trkpt>
      <trkpt lat="43.003279" lon="11.505012">
        <ele>448.982295</ele>
        <time>2026-08-17T11:37:00.501Z</time>
      </trkpt>
      <trkpt lat="43.003197" lon="11.504954">
        <ele>450.189897</ele>
        <time>2026-08-17T11:37:08.616Z</time>
      </trkpt>
      <trkpt lat="43.003063" lon="11.504781">
        <ele>451.767207</ele>
        <time>2026-08-17T11:37:24.484Z</time>
      </trkpt>
      <trkpt lat="43.002031" lon="11.503167">
        <ele>464.676272</ele>
        <time>2026-08-17T11:39:12.963Z</time>
      </trkpt>
      <trkpt lat="43.002003" lon="11.503068">
        <ele>465.273488</ele>
        <time>2026-08-17T11:39:17.305Z</time>
      </trkpt>
      <trkpt lat="43.001998" lon="11.502869">
        <ele>466.147483</ele>
        <time>2026-08-17T11:39:25.014Z</time>
      </trkpt>
      <trkpt lat="43.002081" lon="11.502132">
        <ele>469.420558</ele>
        <time>2026-08-17T11:39:53.132Z</time>
      </trkpt>
      <trkpt lat="43.002348" lon="11.500407">
        <ele>477.484306</ele>
        <time>2026-08-17T11:41:12.711Z</time>
      </trkpt>
      <trkpt lat="43.002530" lon="11.499484">
        <ele>482.811061</ele>
        <time>2026-08-17T11:42:05.489Z</time>
      </trkpt>
      <trkpt lat="43.002644" lon="11.499001">
        <ele>485.639093</ele>
        <time>2026-08-17T11:42:32.728Z</time>
      </trkpt>
      <trkpt lat="43.002801" lon="11.498486">
        <ele>488.748079</ele>
        <time>2026-08-17T11:43:00.841Z</time>
      </trkpt>
      <trkpt lat="43.002952" lon="11.498026">
        <ele>489.837864</ele>
        <time>2026-08-17T11:43:22.739Z</time>
      </trkpt>
      <trkpt lat="43.003108" lon="11.497451">
        <ele>490.157742</ele>
        <time>2026-08-17T11:43:44.499Z</time>
      </trkpt>
      <trkpt lat="43.003119" lon="11.497217">
        <ele>490.280042</ele>
        <time>2026-08-17T11:43:51.335Z</time>
      </trkpt>
      <trkpt lat="43.003098" lon="11.497033">
        <ele>490.377174</ele>
        <time>2026-08-17T11:43:56.257Z</time>
      </trkpt>
      <trkpt lat="43.002882" lon="11.496444">
        <ele>490.720843</ele>
        <time>2026-08-17T11:44:10.782Z</time>
      </trkpt>
      <trkpt lat="43.002883" lon="11.496346">
        <ele>490.771962</ele>
        <time>2026-08-17T11:44:12.747Z</time>
      </trkpt>
      <trkpt lat="43.003498" lon="11.496296">
        <ele>488.829167</ele>
        <time>2026-08-17T11:44:21.002Z</time>
      </trkpt>
      <trkpt lat="43.003822" lon="11.496350">
        <ele>486.995091</ele>
        <time>2026-08-17T11:44:25.200Z</time>
      </trkpt>
      <trkpt lat="43.004109" lon="11.496383">
        <ele>485.376706</ele>
        <time>2026-08-17T11:44:28.864Z</time>
      </trkpt>
      <trkpt lat="43.004694" lon="11.496518">
        <ele>482.043026</ele>
        <time>2026-08-17T11:44:36.448Z</time>
      </trkpt>
      <trkpt lat="43.005470" lon="11.496611">
        <ele>480.836221</ele>
        <time>2026-08-17T11:44:46.703Z</time>
      </trkpt>
      <trkpt lat="43.005816" lon="11.496551">
        <ele>480.836221</ele>
        <time>2026-08-17T11:44:51.673Z</time>
      </trkpt>
      <trkpt lat="43.006333" lon="11.496415">
        <ele>480.836221</ele>
        <time>2026-08-17T11:45:00.244Z</time>
      </trkpt>
      <trkpt lat="43.006701" lon="11.496353">
        <ele>480.836221</ele>
        <time>2026-08-17T11:45:07.663Z</time>
      </trkpt>
      <trkpt lat="43.007439" lon="11.496127">
        <ele>480.836221</ele>
        <time>2026-08-17T11:45:28.178Z</time>
      </trkpt>
    </trkseg>
  </trk>
</gpx>